t,dayofweek,weekend,y,y_t_1
2,2,0,8.7635,6.504
3,3,0,3.7423333333333333,8.7635
4,4,0,8.291333333333332,3.7423333333333333
5,5,0,1.478,8.291333333333332
6,6,1,5.453333333333333,1.478
7,0,1,7.6530000000000005,5.453333333333333
8,1,0,12.229999999999999,7.6530000000000005
9,2,0,7.633666666666667,12.229999999999999
10,3,0,5.8797500000000005,7.633666666666667
11,4,0,7.5475,5.8797500000000005
12,5,0,6.87625,7.5475
13,6,1,7.131,6.87625
14,0,1,4.599333333333333,7.131
15,1,0,4.099,4.599333333333333
16,2,0,11.718666666666666,4.099
17,3,0,7.4753333333333325,11.718666666666666
18,4,0,5.1591000000000005,7.4753333333333325
19,5,0,4.986285714285714,5.1591000000000005
20,6,1,6.019,4.986285714285714
21,0,1,15.655999999999999,6.019
22,1,0,5.4805,15.655999999999999
23,2,0,9.230599999999999,5.4805
24,3,0,12.7912,9.230599999999999
25,4,0,2.7930588235294116,12.7912
26,5,0,4.819928571428571,2.7930588235294116
27,6,1,4.9784444444444444,4.819928571428571
28,0,1,7.1025,4.9784444444444444
29,1,0,6.455,7.1025
30,2,0,4.043875,6.455
31,3,0,5.054111111111111,4.043875
1,4,0,11.633666666666667,5.054111111111111
2,5,0,7.560588235294118,11.633666666666667
3,6,1,7.0365,7.560588235294118
4,0,1,8.130333333333333,7.0365
5,1,0,8.1775,8.130333333333333
6,2,0,6.073444444444444,8.1775
7,3,0,9.969777777777777,6.073444444444444
8,4,0,5.961526315789474,9.969777777777777
9,5,0,7.7509999999999994,5.961526315789474
10,6,1,7.70125,7.7509999999999994
11,0,1,7.172777777777778,7.70125
12,1,0,10.469727272727273,7.172777777777778
13,2,0,8.430727272727273,10.469727272727273
14,3,0,4.6618,8.430727272727273
15,4,0,9.111727272727272,4.6618
16,5,0,7.961181818181819,9.111727272727272
17,6,1,9.649999999999999,7.961181818181819
18,0,1,8.059,9.649999999999999
19,1,0,9.625333333333334,8.059
20,2,0,9.932125,9.625333333333334
21,3,0,6.323076923076924,9.932125
22,4,0,8.694133333333333,6.323076923076924
23,5,0,7.9821333333333335,8.694133333333333
24,6,1,8.996916666666667,7.9821333333333335
25,0,1,8.7211875,8.996916666666667
26,1,0,7.46275,8.7211875
27,2,0,5.4354,7.46275
28,3,0,7.441999999999999,5.4354
1,4,0,7.324818181818182,7.441999999999999
2,5,0,5.9693,7.324818181818182
3,6,1,9.136153846153846,5.9693
4,0,1,13.275375,9.136153846153846
5,1,0,5.303571428571429,13.275375
6,2,0,4.976176470588236,5.303571428571429
7,3,0,5.801153846153846,4.976176470588236
8,4,0,7.7693076923076925,5.801153846153846
9,5,0,6.474555555555556,7.7693076923076925
10,6,1,8.503888888888888,6.474555555555556
11,0,1,6.764,8.503888888888888
12,1,0,6.402428571428572,6.764
13,2,0,10.504624999999999,6.402428571428572
14,3,0,6.644,10.504624999999999
15,4,0,10.397636363636364,6.644
16,5,0,6.456642857142858,10.397636363636364
17,6,1,5.6123076923076916,6.456642857142858
18,0,1,7.4760833333333325,5.6123076923076916
19,1,0,8.122692307692308,7.4760833333333325
20,2,0,4.774249999999999,8.122692307692308
21,3,0,5.7850624999999996,4.774249999999999
22,4,0,5.1874090909090915,5.7850624999999996
23,5,0,8.401842105263157,5.1874090909090915
24,6,1,9.666500000000001,8.401842105263157
25,0,1,14.15875,9.666500000000001
26,1,0,7.6658,14.15875
27,2,0,5.098,7.6658
28,3,0,8.776,5.098
29,4,0,6.647125,8.776
30,5,0,5.8636,6.647125
31,6,1,7.287727272727272,5.8636
1,0,1,6.983333333333333,7.287727272727272
2,1,0,3.4905999999999997,6.983333333333333
3,2,0,9.45975,3.4905999999999997
4,3,0,7.14775,9.45975
5,4,0,13.19592857142857,7.14775
6,5,0,10.196071428571429,13.19592857142857
7,6,1,9.332466666666667,10.196071428571429
8,0,1,6.3331,9.332466666666667
9,1,0,8.337900000000001,6.3331
10,2,0,6.542333333333334,8.337900000000001
11,3,0,7.235916666666667,6.542333333333334
12,4,0,7.691380952380952,7.235916666666667
13,5,0,6.3543529411764705,7.691380952380952
14,6,1,7.3021379310344825,6.3543529411764705
15,0,1,9.442400000000001,7.3021379310344825
16,1,0,6.667071428571428,9.442400000000001
17,2,0,6.713066666666666,6.667071428571428
18,3,0,7.3796875,6.713066666666666
19,4,0,7.292307692307692,7.3796875
20,5,0,7.283176470588236,7.292307692307692
21,6,1,7.596071428571428,7.283176470588236
22,0,1,8.213444444444443,7.596071428571428
23,1,0,4.709416666666667,8.213444444444443
24,2,0,6.530076923076923,4.709416666666667
25,3,0,5.161375,6.530076923076923
26,4,0,7.3794,5.161375
27,5,0,10.02425,7.3794
28,6,1,6.91652380952381,10.02425
29,0,1,6.433785714285714,6.91652380952381
30,1,0,7.9030000000000005,6.433785714285714
1,2,0,11.584909090909091,7.9030000000000005
2,3,0,6.696933333333333,11.584909090909091
3,4,0,8.003571428571428,6.696933333333333
4,5,0,8.39040909090909,8.003571428571428
5,6,1,5.865550000000001,8.39040909090909
6,0,1,6.104090909090909,5.865550000000001
7,1,0,9.0788125,6.104090909090909
8,2,0,4.859266666666667,9.0788125
9,3,0,5.9898235294117645,4.859266666666667
10,4,0,6.130357142857143,5.9898235294117645
11,5,0,7.5947272727272725,6.130357142857143
12,6,1,8.146894736842105,7.5947272727272725
13,0,1,7.770409090909092,8.146894736842105
14,1,0,6.149928571428572,7.770409090909092
15,2,0,6.972111111111111,6.149928571428572
16,3,0,8.54704761904762,6.972111111111111
17,4,0,7.154909090909092,8.54704761904762
18,5,0,5.6415500000000005,7.154909090909092
19,6,1,6.40109090909091,5.6415500000000005
20,0,1,7.4895,6.40109090909091
21,1,0,7.259736842105263,7.4895
22,2,0,4.9525,7.259736842105263
23,3,0,6.754545454545454,4.9525
24,4,0,10.379909090909091,6.754545454545454
25,5,0,6.237272727272727,10.379909090909091
26,6,1,7.38973076923077,6.237272727272727
27,0,1,10.484222222222222,7.38973076923077
28,1,0,6.0830909090909095,10.484222222222222
29,2,0,9.512263157894736,6.0830909090909095
30,3,0,8.18157894736842,9.512263157894736
31,4,0,10.271357142857143,8.18157894736842
1,5,0,5.590347826086957,10.271357142857143
2,6,1,7.482000000000001,5.590347826086957
3,0,1,8.7470625,7.482000000000001
4,1,0,8.1516,8.7470625
5,2,0,7.15895,8.1516
6,3,0,9.13535294117647,7.15895
7,4,0,6.553470588235294,9.13535294117647
8,5,0,7.620160000000001,6.553470588235294
9,6,1,7.01852380952381,7.620160000000001
10,0,1,6.173866666666667,7.01852380952381
11,1,0,6.2556666666666665,6.173866666666667
12,2,0,7.168705882352941,6.2556666666666665
13,3,0,6.943222222222222,7.168705882352941
14,4,0,7.7414375,6.943222222222222
15,5,0,6.123473684210526,7.7414375
16,6,1,6.830176470588235,6.123473684210526
17,0,1,5.4924,6.830176470588235
18,1,0,5.442823529411765,5.4924
19,2,0,8.164304347826087,5.442823529411765
20,3,0,6.994421052631579,8.164304347826087
21,4,0,7.084357142857143,6.994421052631579
22,5,0,5.872714285714285,7.084357142857143
23,6,1,6.882681818181819,5.872714285714285
24,0,1,7.731928571428571,6.882681818181819
25,1,0,7.434454545454545,7.731928571428571
26,2,0,6.6015263157894735,7.434454545454545
27,3,0,6.940368421052631,6.6015263157894735
28,4,0,7.119894736842105,6.940368421052631
29,5,0,7.277105263157894,7.119894736842105
30,6,1,7.090999999999999,7.277105263157894
1,0,1,6.2315000000000005,7.090999999999999
2,1,0,6.195842105263158,6.2315000000000005
3,2,0,3.9285555555555556,6.195842105263158
4,3,0,6.0825625,3.9285555555555556
5,4,0,5.887199999999999,6.0825625
6,5,0,7.285642857142856,5.887199999999999
7,6,1,5.513133333333333,7.285642857142856
8,0,1,8.230307692307692,5.513133333333333
9,1,0,6.710333333333334,8.230307692307692
10,2,0,11.0203,6.710333333333334
11,3,0,6.733833333333333,11.0203
12,4,0,4.196166666666667,6.733833333333333
13,5,0,7.4565,4.196166666666667
14,6,1,6.3821875,7.4565
15,0,1,8.025416666666667,6.3821875
16,1,0,9.4998125,8.025416666666667
17,2,0,11.255272727272727,9.4998125
18,3,0,5.734133333333333,11.255272727272727
19,4,0,7.94465,5.734133333333333
20,5,0,5.202066666666667,7.94465
21,6,1,7.6125,5.202066666666667
22,0,1,9.78725,7.6125
23,1,0,9.271153846153847,9.78725
24,2,0,9.442666666666668,9.271153846153847
25,3,0,7.699772727272728,9.442666666666668
26,4,0,8.968909090909092,7.699772727272728
27,5,0,6.59745,8.968909090909092
28,6,1,8.260117647058824,6.59745
29,0,1,6.7620625,8.260117647058824
30,1,0,7.960277777777778,6.7620625
31,2,0,7.171500000000001,7.960277777777778
1,3,0,6.576611111111111,7.171500000000001
2,4,0,8.85078947368421,6.576611111111111
3,5,0,7.291555555555555,8.85078947368421
4,6,1,5.5644,7.291555555555555
5,0,1,6.967699999999999,5.5644
6,1,0,7.8463125,6.967699999999999
7,2,0,8.593823529411765,7.8463125
8,3,0,5.949210526315789,8.593823529411765
9,4,0,7.682210526315789,5.949210526315789
10,5,0,7.718789473684211,7.682210526315789
11,6,1,5.783636363636363,7.718789473684211
12,0,1,10.282947368421054,5.783636363636363
13,1,0,6.689588235294117,10.282947368421054
14,2,0,5.5876875,6.689588235294117
15,3,0,13.008733333333334,5.5876875
16,4,0,8.930000000000001,13.008733333333334
17,5,0,11.15229411764706,8.930000000000001
18,6,1,6.398266666666667,11.15229411764706
19,0,1,6.349555555555556,6.398266666666667
20,1,0,11.158999999999999,6.349555555555556
21,2,0,13.855615384615383,11.158999999999999
22,3,0,6.9387741935483875,13.855615384615383
23,4,0,8.183481481481481,6.9387741935483875
24,5,0,8.057538461538462,8.183481481481481
25,6,1,6.226500000000001,8.057538461538462
26,0,1,6.363307692307692,6.226500000000001
27,1,0,8.673294117647059,6.363307692307692
28,2,0,8.621500000000001,8.673294117647059
29,3,0,6.366521739130435,8.621500000000001
30,4,0,6.023058823529412,6.366521739130435
31,5,0,6.980043478260869,6.023058823529412
1,6,1,5.079785714285714,6.980043478260869
2,0,1,6.0469375,5.079785714285714
3,1,0,7.6056875,6.0469375
4,2,0,12.253937500000001,7.6056875
5,3,0,4.9015,12.253937500000001
6,4,0,6.281411764705882,4.9015
7,5,0,8.623173913043479,6.281411764705882
8,6,1,7.413722222222223,8.623173913043479
9,0,1,9.178117647058823,7.413722222222223
10,1,0,10.060235294117646,9.178117647058823
11,2,0,6.031789473684211,10.060235294117646
12,3,0,6.19672,6.031789473684211
13,4,0,6.896590909090909,6.19672
14,5,0,8.448833333333333,6.896590909090909
15,6,1,7.498176470588235,8.448833333333333
16,0,1,8.466571428571429,7.498176470588235
17,1,0,5.537642857142857,8.466571428571429
18,2,0,6.689,5.537642857142857
19,3,0,7.0956,6.689
20,4,0,6.61996,7.0956
21,5,0,6.4639999999999995,6.61996
22,6,1,4.502238095238095,6.4639999999999995
23,0,1,8.258625,4.502238095238095
24,1,0,8.95936,8.258625
25,2,0,7.0505625,8.95936
26,3,0,7.9762962962962956,7.0505625
27,4,0,9.26247619047619,7.9762962962962956
28,5,0,7.088645161290322,9.26247619047619
29,6,1,7.0569999999999995,7.088645161290322
30,0,1,7.335533333333333,7.0569999999999995
1,1,0,8.474333333333334,7.335533333333333
2,2,0,7.014882352941177,8.474333333333334
3,3,0,9.43564,7.014882352941177
4,4,0,6.84164,9.43564
5,5,0,7.09384,6.84164
6,6,1,6.210096774193548,7.09384
7,0,1,6.3045909090909085,6.210096774193548
8,1,0,7.231666666666666,6.3045909090909085
9,2,0,8.624538461538462,7.231666666666666
10,3,0,8.610045454545455,8.624538461538462
11,4,0,12.96,8.610045454545455
12,5,0,7.252512195121952,12.96
13,6,1,5.694629629629629,7.252512195121952
14,0,1,6.128833333333333,5.694629629629629
15,1,0,8.9289,6.128833333333333
16,2,0,10.176586206896552,8.9289
17,3,0,7.77895,10.176586206896552
18,4,0,6.5428,7.77895
19,5,0,8.159793103448276,6.5428
20,6,1,6.405947368421052,8.159793103448276
21,0,1,6.6248499999999995,6.405947368421052
22,1,0,7.421052631578948,6.6248499999999995
23,2,0,6.199357142857143,7.421052631578948
24,3,0,10.677958333333335,6.199357142857143
25,4,0,6.625575757575758,10.677958333333335
26,5,0,7.552833333333333,6.625575757575758
27,6,1,7.476434782608695,7.552833333333333
28,0,1,7.4219375,7.476434782608695
29,1,0,7.777333333333334,7.4219375
30,2,0,9.219434782608696,7.777333333333334
31,3,0,13.544307692307692,9.219434782608696
1,4,0,8.570939393939394,13.544307692307692
2,5,0,6.697692307692307,8.570939393939394
3,6,1,7.3234615384615385,6.697692307692307
4,0,1,7.131785714285714,7.3234615384615385
5,1,0,13.485866666666668,7.131785714285714
6,2,0,6.852217391304348,13.485866666666668
7,3,0,9.63636,6.852217391304348
8,4,0,7.507481481481482,9.63636
9,5,0,7.245472222222222,7.507481481481482
10,6,1,6.185777777777777,7.245472222222222
11,0,1,9.698411764705881,6.185777777777777
12,1,0,7.543352941176471,9.698411764705881
13,2,0,8.338000000000001,7.543352941176471
14,3,0,13.148153846153845,8.338000000000001
15,4,0,7.591681818181818,13.148153846153845
16,5,0,8.97237037037037,7.591681818181818
17,6,1,6.11321052631579,8.97237037037037
18,0,1,8.241538461538461,6.11321052631579
19,1,0,9.06535294117647,8.241538461538461
20,2,0,6.735941176470588,9.06535294117647
21,3,0,7.562411764705883,6.735941176470588
22,4,0,12.8198,7.562411764705883
23,5,0,7.299538461538462,12.8198
24,6,1,7.125266666666666,7.299538461538462
25,0,1,5.068833333333333,7.125266666666666
26,1,0,9.430518518518518,5.068833333333333
27,2,0,5.67912,9.430518518518518
28,3,0,7.677304347826087,5.67912
29,4,0,8.942076923076923,7.677304347826087
30,5,0,7.311371428571428,8.942076923076923
1,6,1,6.533857142857143,7.311371428571428
2,0,1,8.79808,6.533857142857143
3,1,0,11.8622,8.79808
4,2,0,7.336964285714286,11.8622
5,3,0,7.579321428571428,7.336964285714286
6,4,0,8.03137037037037,7.579321428571428
7,5,0,9.648282051282052,8.03137037037037
8,6,1,7.6386,9.648282051282052
9,0,1,7.778909090909091,7.6386
10,1,0,9.246080000000001,7.778909090909091
11,2,0,7.434277777777778,9.246080000000001
12,3,0,7.300657142857143,7.434277777777778
13,4,0,8.688432432432432,7.300657142857143
14,5,0,7.1104594594594595,8.688432432432432
15,6,1,5.806962962962963,7.1104594594594595
16,0,1,6.5588999999999995,5.806962962962963
17,1,0,7.701741935483871,6.5588999999999995
18,2,0,7.0818085106382975,7.701741935483871
19,3,0,8.455685185185185,7.0818085106382975
20,4,0,8.59675,8.455685185185185
21,5,0,7.094346153846154,8.59675
22,6,1,6.107238095238095,7.094346153846154
23,0,1,7.24527027027027,6.107238095238095
24,1,0,7.719555555555555,7.24527027027027
25,2,0,8.229857142857144,7.719555555555555
26,3,0,6.366833333333333,8.229857142857144
27,4,0,7.590642857142858,6.366833333333333
28,5,0,6.6089375,7.590642857142858
29,6,1,4.5503846153846155,6.6089375
30,0,1,6.2306470588235285,4.5503846153846155
31,1,0,9.903266666666667,6.2306470588235285
1,2,0,8.419454545454546,9.903266666666667
2,3,0,9.773266666666666,8.419454545454546
3,4,0,8.807375,9.773266666666666
4,5,0,6.761333333333334,8.807375
5,6,1,8.423882352941176,6.761333333333334
6,0,1,7.344083333333334,8.423882352941176
7,1,0,9.633961538461538,7.344083333333334
8,2,0,6.230724137931035,9.633961538461538
9,3,0,10.16290625,6.230724137931035
10,4,0,8.59674074074074,10.16290625
11,5,0,7.607392857142857,8.59674074074074
12,6,1,7.145473684210526,7.607392857142857
13,0,1,8.387714285714285,7.145473684210526
14,1,0,7.929257142857143,8.387714285714285
15,2,0,7.001900000000001,7.929257142857143
16,3,0,8.888676470588235,7.001900000000001
17,4,0,10.273583333333333,8.888676470588235
18,5,0,7.27658064516129,10.273583333333333
19,6,1,6.248500000000001,7.27658064516129
20,0,1,6.560826086956522,6.248500000000001
21,1,0,5.97055,6.560826086956522
22,2,0,7.906695652173912,5.97055
23,3,0,9.249413793103448,7.906695652173912
24,4,0,11.276095238095238,9.249413793103448
25,5,0,7.785,11.276095238095238
26,6,1,7.670852941176471,7.785
27,0,1,7.398999999999999,7.670852941176471
28,1,0,15.394941176470589,7.398999999999999
29,2,0,9.887333333333332,15.394941176470589
30,3,0,8.734048780487806,9.887333333333332
31,4,0,10.081410256410257,8.734048780487806
1,5,0,7.873738095238095,10.081410256410257
2,6,1,10.000384615384615,7.873738095238095
3,0,1,10.05076923076923,10.000384615384615
4,1,0,7.9075,10.05076923076923
5,2,0,8.58769696969697,7.9075
6,3,0,7.682380952380953,8.58769696969697
7,4,0,10.7251875,7.682380952380953
8,5,0,8.690567567567568,10.7251875
9,6,1,6.8074375,8.690567567567568
10,0,1,7.3859375,6.8074375
11,1,0,9.080357142857142,7.3859375
12,2,0,10.267,9.080357142857142
13,3,0,10.351925925925926,10.267
14,4,0,8.20472972972973,10.351925925925926
15,5,0,11.691914285714285,8.20472972972973
16,6,1,6.618038461538461,11.691914285714285
17,0,1,9.658916666666666,6.618038461538461
18,1,0,14.283785714285715,9.658916666666666
19,2,0,9.682794117647058,14.283785714285715
20,3,0,10.145677419354838,9.682794117647058
21,4,0,11.20272,10.145677419354838
22,5,0,8.859919999999999,11.20272
23,6,1,7.075583333333333,8.859919999999999
24,0,1,6.031347826086956,7.075583333333333
25,1,0,9.93291304347826,6.031347826086956
26,2,0,8.81125,9.93291304347826
27,3,0,8.949172413793104,8.81125
28,4,0,8.0094375,8.949172413793104
1,5,0,6.763885714285714,8.0094375
2,6,1,7.46,6.763885714285714
3,0,1,11.4614375,7.46
4,1,0,11.31848,11.4614375
5,2,0,11.333392857142856,11.31848
6,3,0,6.457592592592592,11.333392857142856
7,4,0,8.496407407407407,6.457592592592592
8,5,0,10.391714285714286,8.496407407407407
9,6,1,7.738200000000001,10.391714285714286
10,0,1,9.188411764705883,7.738200000000001
11,1,0,8.925684210526315,9.188411764705883
12,2,0,7.6917,8.925684210526315
13,3,0,5.4246,7.6917
14,4,0,7.101058823529412,5.4246
15,5,0,7.53575,7.101058823529412
16,6,1,9.378068965517242,7.53575
17,0,1,7.405208333333333,9.378068965517242
18,1,0,11.453068965517241,7.405208333333333
19,2,0,8.989228571428571,11.453068965517241
20,3,0,11.76325,8.989228571428571
21,4,0,11.88952380952381,11.76325
22,5,0,10.219875,11.88952380952381
23,6,1,9.279833333333334,10.219875
24,0,1,7.849785714285715,9.279833333333334
25,1,0,11.272863636363637,7.849785714285715
26,2,0,9.124807692307693,11.272863636363637
27,3,0,7.511238095238094,9.124807692307693
28,4,0,7.165384615384616,7.511238095238094
29,5,0,8.2444,7.165384615384616
30,6,1,7.274000000000001,8.2444
31,0,1,8.852538461538462,7.274000000000001
1,1,0,10.764576923076923,8.852538461538462
2,2,0,9.849757575757577,10.764576923076923
3,3,0,10.69582608695652,9.849757575757577
4,4,0,8.367666666666667,10.69582608695652
5,5,0,9.37351851851852,8.367666666666667
6,6,1,6.343038461538462,9.37351851851852
7,0,1,7.1894347826086955,6.343038461538462
8,1,0,12.373142857142858,7.1894347826086955
9,2,0,7.5964,12.373142857142858
10,3,0,7.6514444444444445,7.5964
11,4,0,7.8869444444444445,7.6514444444444445
12,5,0,8.730933333333333,7.8869444444444445
13,6,1,8.368392857142856,8.730933333333333
14,0,1,10.437413793103449,8.368392857142856
15,1,0,8.623692307692307,10.437413793103449
16,2,0,12.720333333333334,8.623692307692307
17,3,0,8.168428571428572,12.720333333333334
18,4,0,10.46492,8.168428571428572
19,5,0,8.218266666666667,10.46492
20,6,1,7.22072,8.218266666666667
21,0,1,6.944166666666667,7.22072
22,1,0,7.068384615384615,6.944166666666667
23,2,0,8.908592592592592,7.068384615384615
24,3,0,7.748526315789474,8.908592592592592
25,4,0,8.940304347826087,7.748526315789474
26,5,0,8.234272727272726,8.940304347826087
27,6,1,8.932515151515153,8.234272727272726
28,0,1,7.323649999999999,8.932515151515153
29,1,0,10.242666666666667,7.323649999999999
30,2,0,9.588333333333333,10.242666666666667
1,3,0,7.871653846153847,9.588333333333333
2,4,0,7.84832,7.871653846153847
3,5,0,7.577279999999999,7.84832
4,6,1,8.537428571428572,7.577279999999999
5,0,1,9.053409090909092,8.537428571428572
6,1,0,11.00652,9.053409090909092
7,2,0,7.534166666666667,11.00652
8,3,0,9.966035714285713,7.534166666666667
9,4,0,9.126772727272726,9.966035714285713
10,5,0,8.046,9.126772727272726
11,6,1,7.5600476190476185,8.046
12,0,1,7.905833333333334,7.5600476190476185
13,1,0,8.827428571428571,7.905833333333334
14,2,0,9.587076923076923,8.827428571428571
15,3,0,9.025631578947369,9.587076923076923
16,4,0,9.711967741935485,9.025631578947369
17,5,0,9.034766666666666,9.711967741935485
18,6,1,8.775173913043478,9.034766666666666
19,0,1,9.909105263157894,8.775173913043478
20,1,0,11.631423076923078,9.909105263157894
21,2,0,10.01758064516129,11.631423076923078
22,3,0,8.194931034482758,10.01758064516129
23,4,0,10.557514285714287,8.194931034482758
24,5,0,10.237925925925925,10.557514285714287
25,6,1,7.970064516129033,10.237925925925925
26,0,1,8.066892857142857,7.970064516129033
27,1,0,8.426055555555557,8.066892857142857
28,2,0,6.1047666666666665,8.426055555555557
29,3,0,7.855291666666667,6.1047666666666665
30,4,0,6.9217,7.855291666666667
31,5,0,8.158434782608696,6.9217
1,6,1,8.723678571428572,8.158434782608696
2,0,1,8.679599999999999,8.723678571428572
3,1,0,9.14859090909091,8.679599999999999
4,2,0,6.591758620689655,9.14859090909091
5,3,0,5.342103448275862,6.591758620689655
6,4,0,9.206034482758621,5.342103448275862
7,5,0,8.173916666666667,9.206034482758621
8,6,1,8.9025,8.173916666666667
9,0,1,6.641090909090909,8.9025
10,1,0,9.949125,6.641090909090909
11,2,0,9.08341935483871,9.949125
12,3,0,8.796192307692307,9.08341935483871
13,4,0,7.3823043478260875,8.796192307692307
14,5,0,7.596153846153846,7.3823043478260875
15,6,1,8.557437499999999,7.596153846153846
16,0,1,7.170050000000001,8.557437499999999
17,1,0,10.8633,7.170050000000001
18,2,0,6.4415,10.8633
19,3,0,12.404,6.4415
20,4,0,9.114,12.404
21,5,0,8.26662962962963,9.114
22,6,1,6.186222222222223,8.26662962962963
23,0,1,7.039199999999999,6.186222222222223
24,1,0,6.702233333333334,7.039199999999999
25,2,0,7.854833333333333,6.702233333333334
26,3,0,9.555862068965517,7.854833333333333
27,4,0,7.1134814814814815,9.555862068965517
28,5,0,9.983678571428571,7.1134814814814815
29,6,1,7.214222222222222,9.983678571428571
30,0,1,7.362733333333334,7.214222222222222
1,1,0,9.604730769230768,7.362733333333334
2,2,0,8.487391304347826,9.604730769230768
3,3,0,9.420588235294119,8.487391304347826
4,4,0,12.059000000000001,9.420588235294119
5,5,0,7.5223125,12.059000000000001
6,6,1,11.076869565217391,7.5223125
7,0,1,5.939125,11.076869565217391
8,1,0,8.620866666666666,5.939125
9,2,0,9.044878787878787,8.620866666666666
10,3,0,8.880969696969697,9.044878787878787
11,4,0,8.115124999999999,8.880969696969697
12,5,0,7.699058823529411,8.115124999999999
13,6,1,7.557212121212121,7.699058823529411
14,0,1,11.37775,7.557212121212121
15,1,0,11.78752380952381,11.37775
16,2,0,7.955703703703704,11.78752380952381
17,3,0,8.858780487804877,7.955703703703704
18,4,0,11.0,8.858780487804877
19,5,0,11.738228571428571,11.0
20,6,1,7.026692307692307,11.738228571428571
21,0,1,7.767269230769231,7.026692307692307
22,1,0,7.669882352941177,7.767269230769231
23,2,0,8.377617647058823,7.669882352941177
24,3,0,8.66909677419355,8.377617647058823
25,4,0,6.9538529411764705,8.66909677419355
26,5,0,8.825,6.9538529411764705
27,6,1,9.419821428571428,8.825
28,0,1,9.982818181818182,9.419821428571428
29,1,0,9.642333333333333,9.982818181818182
30,2,0,10.550411764705883,9.642333333333333
31,3,0,9.717307692307692,10.550411764705883
1,4,0,9.319833333333333,9.717307692307692
2,5,0,7.292777777777778,9.319833333333333
3,6,1,8.67325925925926,7.292777777777778
4,0,1,11.579125,8.67325925925926
5,1,0,8.532222222222222,11.579125
6,2,0,6.508590909090909,8.532222222222222
7,3,0,8.871361111111112,6.508590909090909
8,4,0,8.428787878787878,8.871361111111112
9,5,0,9.806068965517241,8.428787878787878
10,6,1,7.17625,9.806068965517241
11,0,1,8.699458333333334,7.17625
12,1,0,9.75396,8.699458333333334
13,2,0,9.974807692307694,9.75396
14,3,0,6.42525,9.974807692307694
15,4,0,8.493355555555556,6.42525
16,5,0,9.691757575757576,8.493355555555556
17,6,1,7.302300000000001,9.691757575757576
18,0,1,11.548421052631578,7.302300000000001
19,1,0,8.00225,11.548421052631578
20,2,0,8.987176470588237,8.00225
21,3,0,8.115891304347826,8.987176470588237
22,4,0,8.057704545454545,8.115891304347826
23,5,0,8.164666666666667,8.057704545454545
24,6,1,7.925666666666666,8.164666666666667
25,0,1,10.431608695652173,7.925666666666666
26,1,0,11.33314705882353,10.431608695652173
27,2,0,10.083411764705883,11.33314705882353
28,3,0,6.388121951219513,10.083411764705883
29,4,0,7.094928571428572,6.388121951219513
30,5,0,9.405999999999999,7.094928571428572
31,6,1,10.9969,9.405999999999999
1,0,1,7.99775,10.9969
2,1,0,8.973590909090909,7.99775
3,2,0,8.842161290322581,8.973590909090909
4,3,0,9.92396875,8.842161290322581
5,4,0,7.591029411764707,9.92396875
6,5,0,8.719974358974358,7.591029411764707
7,6,1,9.637807692307693,8.719974358974358
8,0,1,8.434571428571429,9.637807692307693
9,1,0,7.678588235294118,8.434571428571429
10,2,0,9.677000000000001,7.678588235294118
11,3,0,8.68639393939394,9.677000000000001
12,4,0,7.213363636363637,8.68639393939394
13,5,0,7.953357142857143,7.213363636363637
14,6,1,9.5813,7.953357142857143
15,0,1,9.799041666666666,9.5813
16,1,0,12.161111111111111,9.799041666666666
17,2,0,9.19274074074074,12.161111111111111
18,3,0,8.187305555555556,9.19274074074074
19,4,0,7.445057142857142,8.187305555555556
20,5,0,9.520029411764705,7.445057142857142
21,6,1,8.1773,9.520029411764705
22,0,1,9.549666666666667,8.1773
23,1,0,8.502483870967742,9.549666666666667
24,2,0,9.219909090909091,8.502483870967742
25,3,0,9.068724137931035,9.219909090909091
26,4,0,6.9855833333333335,9.068724137931035
27,5,0,9.10216129032258,6.9855833333333335
28,6,1,5.6463636363636365,9.10216129032258
29,0,1,8.033000000000001,5.6463636363636365
30,1,0,8.51096,8.033000000000001
1,2,0,6.9863,8.51096
2,3,0,10.283774193548387,6.9863
3,4,0,9.786866666666667,10.283774193548387
4,5,0,9.99320588235294,9.786866666666667
5,6,1,6.2058620689655175,9.99320588235294
6,0,1,9.550736842105263,6.2058620689655175
7,1,0,11.270178571428572,9.550736842105263
8,2,0,7.065130434782608,11.270178571428572
9,3,0,8.254090909090909,7.065130434782608
10,4,0,7.29825,8.254090909090909
11,5,0,9.219738095238094,7.29825
12,6,1,9.111761904761906,9.219738095238094
13,0,1,7.534864864864866,9.111761904761906
14,1,0,11.147923076923076,7.534864864864866
15,2,0,9.32516,11.147923076923076
16,3,0,8.85662962962963,9.32516
17,4,0,7.60664,8.85662962962963
18,5,0,10.3139,7.60664
19,6,1,8.24984375,10.3139
20,0,1,8.978235294117647,8.24984375
21,1,0,12.983799999999999,8.978235294117647
22,2,0,8.629818181818182,12.983799999999999
23,3,0,9.721135135135135,8.629818181818182
24,4,0,8.934483870967743,9.721135135135135
25,5,0,8.801933333333332,8.934483870967743
26,6,1,8.191548387096773,8.801933333333332
27,0,1,11.248999999999999,8.191548387096773
28,1,0,8.554375,11.248999999999999
29,2,0,10.759,8.554375
30,3,0,8.664,10.759
31,4,0,8.943545454545454,8.664
1,5,0,11.274955555555556,8.943545454545454
2,6,1,7.254148148148148,11.274955555555556
3,0,1,8.437545454545456,7.254148148148148
4,1,0,11.988088235294116,8.437545454545456
5,2,0,10.391870967741935,11.988088235294116
6,3,0,12.79521875,10.391870967741935
7,4,0,8.286461538461538,12.79521875
8,5,0,9.778307692307692,8.286461538461538
9,6,1,6.918388888888889,9.778307692307692
10,0,1,9.83692,6.918388888888889
11,1,0,6.852,9.83692
12,2,0,8.106219512195123,6.852
13,3,0,6.525931034482759,8.106219512195123
14,4,0,8.75228125,6.525931034482759
15,5,0,7.943384615384616,8.75228125
16,6,1,6.074238095238095,7.943384615384616
17,0,1,7.0483529411764705,6.074238095238095
18,1,0,12.21904,7.0483529411764705
19,2,0,9.562,12.21904
20,3,0,9.083275862068966,9.562
21,4,0,8.436454545454547,9.083275862068966
22,5,0,10.862333333333334,8.436454545454547
23,6,1,8.520756756756757,10.862333333333334
24,0,1,8.528478260869566,8.520756756756757
25,1,0,10.586227272727273,8.528478260869566
26,2,0,16.875,10.586227272727273
27,3,0,9.743263157894738,16.875
28,4,0,5.558999999999999,9.743263157894738
29,5,0,9.306,5.558999999999999
30,6,1,5.680714285714286,9.306
1,0,1,12.08278947368421,5.680714285714286
2,1,0,10.429761904761905,12.08278947368421
3,2,0,8.698571428571428,10.429761904761905
4,3,0,8.764131578947367,8.698571428571428
5,4,0,9.7665,8.764131578947367
6,5,0,9.26428947368421,9.7665
7,6,1,8.118194444444445,9.26428947368421
8,0,1,8.784875,8.118194444444445
9,1,0,8.9368125,8.784875
10,2,0,9.4891875,8.9368125
11,3,0,11.044382352941177,9.4891875
12,4,0,7.018272727272727,11.044382352941177
13,5,0,11.17792105263158,7.018272727272727
14,6,1,8.136310344827587,11.17792105263158
15,0,1,14.155095238095239,8.136310344827587
16,1,0,8.018935483870967,14.155095238095239
17,2,0,9.956075,8.018935483870967
18,3,0,8.702055555555555,9.956075
19,4,0,9.64596875,8.702055555555555
20,5,0,8.917399999999999,9.64596875
21,6,1,7.542466666666667,8.917399999999999
22,0,1,10.540695652173913,7.542466666666667
23,1,0,7.503047619047619,10.540695652173913
24,2,0,7.455363636363637,7.503047619047619
25,3,0,8.491,7.455363636363637
26,4,0,7.625119999999999,8.491
27,5,0,6.409,7.625119999999999
28,6,1,7.988727272727274,6.409
29,0,1,8.514863636363636,7.988727272727274
30,1,0,8.235583333333333,8.514863636363636
31,2,0,7.431736842105264,8.235583333333333
1,3,0,8.536,7.431736842105264
2,4,0,10.691678571428572,8.536
3,5,0,9.793000000000001,10.691678571428572
4,6,1,8.999952380952381,9.793000000000001
5,0,1,8.689,8.999952380952381
6,1,0,8.528451612903226,8.689
7,2,0,9.38328,8.528451612903226
8,3,0,7.802730769230769,9.38328
9,4,0,10.421815789473683,7.802730769230769
10,5,0,8.834485714285714,10.421815789473683
11,6,1,9.628029411764706,8.834485714285714
12,0,1,10.7976,9.628029411764706
13,1,0,8.694666666666668,10.7976
14,2,0,9.030238095238095,8.694666666666668
15,3,0,8.126444444444445,9.030238095238095
16,4,0,11.222827586206897,8.126444444444445
17,5,0,8.608111111111112,11.222827586206897
18,6,1,8.43875,8.608111111111112
19,0,1,8.921619047619046,8.43875
20,1,0,8.66435,8.921619047619046
21,2,0,8.04028125,8.66435
22,3,0,10.728290322580644,8.04028125
23,4,0,10.259457142857144,10.728290322580644
24,5,0,7.9608965517241375,10.259457142857144
25,6,1,8.785625,7.9608965517241375
26,0,1,9.6331,8.785625
27,1,0,10.064151515151515,9.6331
28,2,0,8.8375,10.064151515151515
29,3,0,7.0311875,8.8375
30,4,0,9.165558823529413,7.0311875
31,5,0,7.830148148148147,9.165558823529413
1,6,1,9.022222222222222,7.830148148148147
2,0,1,5.549529411764706,9.022222222222222
3,1,0,8.8505,5.549529411764706
4,2,0,11.800944444444445,8.8505
5,3,0,7.780187499999999,11.800944444444445
6,4,0,9.229548387096774,7.780187499999999
7,5,0,11.06411111111111,9.229548387096774
8,6,1,6.898000000000001,11.06411111111111
9,0,1,6.763000000000001,6.898000000000001
10,1,0,12.260631578947368,6.763000000000001
11,2,0,11.48080769230769,12.260631578947368
12,3,0,9.180538461538461,11.48080769230769
13,4,0,9.83175,9.180538461538461
14,5,0,9.498111111111111,9.83175
15,6,1,7.981384615384615,9.498111111111111
16,0,1,6.508636363636364,7.981384615384615
17,1,0,8.073736842105264,6.508636363636364
18,2,0,9.408045454545455,8.073736842105264
19,3,0,11.187388888888888,9.408045454545455
20,4,0,7.762708333333333,11.187388888888888
21,5,0,7.42096,7.762708333333333
22,6,1,7.988470588235295,7.42096
23,0,1,7.953882352941177,7.988470588235295
24,1,0,8.16696,7.953882352941177
25,2,0,8.0582,8.16696
26,3,0,7.185344827586207,8.0582
27,4,0,9.799772727272726,7.185344827586207
28,5,0,7.6365,9.799772727272726
29,6,1,8.709999999999999,7.6365
1,0,1,8.446,8.709999999999999
2,1,0,7.159307692307692,8.446
3,2,0,7.997857142857143,7.159307692307692
4,3,0,6.945333333333333,7.997857142857143
5,4,0,7.234766666666667,6.945333333333333
6,5,0,9.364818181818181,7.234766666666667
7,6,1,7.1603200000000005,9.364818181818181
8,0,1,7.031999999999999,7.1603200000000005
9,1,0,9.90544,7.031999999999999
10,2,0,7.184107142857143,9.90544
11,3,0,7.81995,7.184107142857143
12,4,0,9.039736842105263,7.81995
13,5,0,9.897272727272728,9.039736842105263
14,6,1,7.608666666666668,9.897272727272728
15,0,1,10.594199999999999,7.608666666666668
16,1,0,8.1475,10.594199999999999
17,2,0,6.0192,8.1475
18,3,0,6.3625,6.0192
19,4,0,7.746666666666666,6.3625
20,5,0,9.130833333333333,7.746666666666666
21,6,1,10.515,9.130833333333333
22,0,1,6.3371666666666675,10.515
23,1,0,13.560666666666668,6.3371666666666675
24,2,0,9.4695,13.560666666666668
25,3,0,11.772,9.4695
26,4,0,17.9185,11.772
27,5,0,16.495,17.9185
28,6,1,6.0865,16.495
29,0,1,3.43,6.0865
30,1,0,11.948333333333332,3.43
31,2,0,13.476333333333335,11.948333333333332
1,3,0,10.283000000000001,13.476333333333335
2,4,0,10.611749999999995,10.283000000000001
3,5,0,10.9405,10.611749999999995
4,6,1,5.424333333333333,10.9405
5,0,1,11.1135,5.424333333333333
6,1,0,10.726666666666667,11.1135
7,2,0,4.5725,10.726666666666667
8,3,0,16.2825,4.5725
9,4,0,9.616999999999999,16.2825
10,5,0,6.503800000000001,9.616999999999999
11,6,1,10.229666666666667,6.503800000000001
12,0,1,0.749,10.229666666666667
13,1,0,4.539,0.749
14,2,0,8.329,4.539
15,3,0,7.499,8.329
16,4,0,11.597000000000001,7.499
17,5,0,6.288,11.597000000000001
18,6,1,7.6375,6.288
19,0,1,8.49175,7.6375
20,1,0,14.161249999999999,8.49175
21,2,0,15.852,14.161249999999999
22,3,0,13.918600000000001,15.852
23,4,0,7.2085,13.918600000000001
24,5,0,13.769,7.2085
25,6,1,11.18825,13.769
26,0,1,13.308,11.18825
27,1,0,10.250499999999999,13.308
28,2,0,6.71025,10.250499999999999
29,3,0,7.890000000000001,6.71025
30,4,0,7.329125,7.890000000000001
1,5,0,9.092749999999999,7.329125
2,6,1,9.949,9.092749999999999
3,0,1,13.515333333333333,9.949
4,1,0,10.290333333333335,13.515333333333333
5,2,0,14.347,10.290333333333335
6,3,0,7.422499999999999,14.347
7,4,0,6.369,7.422499999999999
8,5,0,9.1435,6.369
9,6,1,17.914285714285715,9.1435
10,0,1,4.9872499999999995,17.914285714285715
11,1,0,11.732999999999999,4.9872499999999995
12,2,0,17.3325,11.732999999999999
13,3,0,8.18575,17.3325
14,4,0,4.659,8.18575
15,5,0,14.484666666666667,4.659
16,6,1,12.1995,14.484666666666667
17,0,1,9.310666666666668,12.1995
18,1,0,11.236625,9.310666666666668
19,2,0,11.138545454545454,11.236625
20,3,0,10.655,11.138545454545454
21,4,0,8.375,10.655
22,5,0,11.0276,8.375
23,6,1,6.0758,11.0276
24,0,1,2.6006666666666667,6.0758
25,1,0,14.321,2.6006666666666667
26,2,0,9.996666666666668,14.321
27,3,0,5.841272727272727,9.996666666666668
28,4,0,15.367666666666667,5.841272727272727
29,5,0,7.506222222222222,15.367666666666667
30,6,1,14.947833333333334,7.506222222222222
31,0,1,9.221142857142857,14.947833333333334
1,1,0,10.2784,9.221142857142857
2,2,0,10.037166666666666,10.2784
3,3,0,10.940285714285713,10.037166666666666
4,4,0,8.1454,10.940285714285713
5,5,0,9.19625,8.1454
6,6,1,7.396666666666666,9.19625
7,0,1,10.193,7.396666666666666
8,1,0,10.030333333333333,10.193
9,2,0,7.5335,10.030333333333333
10,3,0,12.928076923076922,7.5335
11,4,0,5.825090909090909,12.928076923076922
12,5,0,10.5914,5.825090909090909
13,6,1,13.887285714285714,10.5914
14,0,1,5.661555555555555,13.887285714285714
15,1,0,11.904499999999999,5.661555555555555
16,2,0,13.064833333333333,11.904499999999999
17,3,0,5.150153846153846,13.064833333333333
18,4,0,17.53622222222222,5.150153846153846
19,5,0,6.028666666666666,17.53622222222222
20,6,1,13.3286,6.028666666666666
21,0,1,8.217166666666666,13.3286
22,1,0,10.483285714285714,8.217166666666666
23,2,0,8.790600000000001,10.483285714285714
24,3,0,4.53975,8.790600000000001
25,4,0,9.89775,4.53975
26,5,0,9.956777777777779,9.89775
27,6,1,5.534000000000001,9.956777777777779
28,0,1,15.02425,5.534000000000001
29,1,0,11.837285714285715,15.02425
30,2,0,11.674909090909091,11.837285714285715
1,3,0,9.7837,11.674909090909091
2,4,0,10.868625,9.7837
3,5,0,10.0092,10.868625
4,6,1,5.835375,10.0092
5,0,1,14.591333333333333,5.835375
6,1,0,7.255166666666667,14.591333333333333
7,2,0,11.246636363636362,7.255166666666667
8,3,0,4.41175,11.246636363636362
9,4,0,11.182125,4.41175
10,5,0,6.112375,11.182125
11,6,1,13.286071428571429,6.112375
12,0,1,7.957714285714286,13.286071428571429
13,1,0,6.610428571428572,7.957714285714286
14,2,0,8.683,6.610428571428572
15,3,0,6.7776250000000005,8.683
16,4,0,7.573111111111111,6.7776250000000005
17,5,0,8.382823529411766,7.573111111111111
18,6,1,9.066272727272727,8.382823529411766
19,0,1,9.50775,9.066272727272727
20,1,0,6.581,9.50775
21,2,0,12.301,6.581
22,3,0,4.812818181818182,12.301
23,4,0,11.724083333333333,4.812818181818182
24,5,0,13.714833333333333,11.724083333333333
25,6,1,8.548333333333334,13.714833333333333
26,0,1,8.706555555555555,8.548333333333334
27,1,0,8.605090909090908,8.706555555555555
28,2,0,6.166764705882353,8.605090909090908
29,3,0,11.119466666666666,6.166764705882353
30,4,0,12.06575,11.119466666666666
31,5,0,7.8678,12.06575
1,6,1,7.958444444444445,7.8678
2,0,1,10.025857142857143,7.958444444444445
3,1,0,7.687888888888889,10.025857142857143
4,2,0,8.737642857142857,7.687888888888889
5,3,0,6.567374999999999,8.737642857142857
6,4,0,12.84809090909091,6.567374999999999
7,5,0,10.695083333333335,12.84809090909091
8,6,1,8.827357142857142,10.695083333333335
9,0,1,10.565142857142858,8.827357142857142
10,1,0,10.6605,10.565142857142858
11,2,0,8.046555555555555,10.6605
12,3,0,9.273222222222223,8.046555555555555
13,4,0,7.6034999999999995,9.273222222222223
14,5,0,13.260399999999999,7.6034999999999995
15,6,1,9.770833333333334,13.260399999999999
16,0,1,10.197125,9.770833333333334
17,1,0,9.022363636363638,10.197125
18,2,0,9.299299999999999,9.022363636363638
19,3,0,9.07842857142857,9.299299999999999
20,4,0,10.909705882352942,9.07842857142857
21,5,0,4.7191052631578945,10.909705882352942
22,6,1,9.353266666666666,4.7191052631578945
23,0,1,11.186200000000001,9.353266666666666
24,1,0,7.284454545454546,11.186200000000001
25,2,0,6.090857142857142,7.284454545454546
26,3,0,12.34011111111111,6.090857142857142
27,4,0,7.9238,12.34011111111111
28,5,0,8.874,7.9238
29,6,1,10.046722222222222,8.874
30,0,1,8.152727272727274,10.046722222222222
31,1,0,10.437190476190477,8.152727272727274
1,2,0,9.650699999999999,10.437190476190477
2,3,0,7.6512631578947365,9.650699999999999
3,4,0,7.173466666666667,7.6512631578947365
4,5,0,9.040411764705883,7.173466666666667
5,6,1,6.0891874999999995,9.040411764705883
6,0,1,5.942846153846154,6.0891874999999995
7,1,0,8.315666666666667,5.942846153846154
8,2,0,14.96875,8.315666666666667
9,3,0,12.685666666666668,14.96875
10,4,0,15.092375,12.685666666666668
11,5,0,9.087388888888889,15.092375
12,6,1,7.493884615384616,9.087388888888889
13,0,1,8.749083333333333,7.493884615384616
14,1,0,8.391,8.749083333333333
15,2,0,8.557285714285715,8.391
16,3,0,12.295388888888889,8.557285714285715
17,4,0,9.061846153846155,12.295388888888889
18,5,0,7.236473684210526,9.061846153846155
19,6,1,7.827600000000001,7.236473684210526
20,0,1,8.198285714285715,7.827600000000001
21,1,0,5.907333333333333,8.198285714285715
22,2,0,14.149499999999998,5.907333333333333
23,3,0,6.503692307692308,14.149499999999998
24,4,0,9.441133333333333,6.503692307692308
25,5,0,10.342347826086955,9.441133333333333
26,6,1,5.011272727272727,10.342347826086955
27,0,1,11.076235294117646,5.011272727272727
28,1,0,8.152625,11.076235294117646
29,2,0,9.596444444444444,8.152625
30,3,0,11.234625,9.596444444444444
1,4,0,15.3873,11.234625
2,5,0,7.826071428571429,15.3873
3,6,1,8.830714285714285,7.826071428571429
4,0,1,12.908235294117647,8.830714285714285
5,1,0,8.0695,12.908235294117647
6,2,0,9.504666666666667,8.0695
7,3,0,3.9627499999999998,9.504666666666667
8,4,0,11.020357142857142,3.9627499999999998
9,5,0,9.630611111111111,11.020357142857142
10,6,1,7.196631578947368,9.630611111111111
11,0,1,7.226076923076922,7.196631578947368
12,1,0,8.293625,7.226076923076922
13,2,0,9.410071428571428,8.293625
14,3,0,9.795875,9.410071428571428
15,4,0,10.586666666666666,9.795875
16,5,0,6.830307692307692,10.586666666666666
17,6,1,8.764681818181819,6.830307692307692
18,0,1,9.67011111111111,8.764681818181819
19,1,0,9.0964,9.67011111111111
20,2,0,8.404916666666667,9.0964
21,3,0,5.985047619047619,8.404916666666667
22,4,0,11.5175,5.985047619047619
23,5,0,8.84,11.5175
24,6,1,10.654277777777779,8.84
25,0,1,9.015500000000001,10.654277777777779
26,1,0,10.3605,9.015500000000001
27,2,0,9.245818181818182,10.3605
28,3,0,7.0244210526315785,9.245818181818182
29,4,0,6.552117647058823,7.0244210526315785
30,5,0,10.76845,6.552117647058823
31,6,1,6.734125,10.76845
1,0,1,8.37375,6.734125
2,1,0,14.1365,8.37375
3,2,0,10.383529411764707,14.1365
4,3,0,6.346153846153846,10.383529411764707
5,4,0,7.9911111111111115,6.346153846153846
6,5,0,11.730125,7.9911111111111115
7,6,1,10.050235294117648,11.730125
8,0,1,6.708666666666667,10.050235294117648
9,1,0,6.972125,6.708666666666667
10,2,0,12.7737,6.972125
11,3,0,9.040909090909091,12.7737
12,4,0,9.020199999999999,9.040909090909091
13,5,0,8.228923076923078,9.020199999999999
14,6,1,11.00863157894737,8.228923076923078
15,0,1,10.393545454545455,11.00863157894737
16,1,0,9.270285714285714,10.393545454545455
17,2,0,5.577750000000001,9.270285714285714
18,3,0,7.87775,5.577750000000001
19,4,0,12.508125,7.87775
20,5,0,8.1507,12.508125
21,6,1,8.50675,8.1507
22,0,1,13.8844375,8.50675
23,1,0,14.061,13.8844375
24,2,0,7.5617777777777775,14.061
25,3,0,10.932,7.5617777777777775
26,4,0,14.9235,10.932
27,5,0,7.4694,14.9235
28,6,1,6.809909090909091,7.4694
29,0,1,9.713272727272727,6.809909090909091
30,1,0,7.1358999999999995,9.713272727272727
1,2,0,6.885125,7.1358999999999995
2,3,0,15.934199999999999,6.885125
3,4,0,11.874923076923077,15.934199999999999
4,5,0,10.000375,11.874923076923077
5,6,1,8.549529411764707,10.000375
6,0,1,8.336823529411765,8.549529411764707
7,1,0,5.2909999999999995,8.336823529411765
8,2,0,10.23088888888889,5.2909999999999995
9,3,0,5.533153846153846,10.23088888888889
10,4,0,16.4182,5.533153846153846
11,5,0,5.66275,16.4182
12,6,1,7.700555555555557,5.66275
13,0,1,8.89490909090909,7.700555555555557
14,1,0,12.545111111111112,8.89490909090909
15,2,0,8.304875,12.545111111111112
16,3,0,9.296800000000001,8.304875
17,4,0,7.8833,9.296800000000001
18,5,0,8.613090909090909,7.8833
19,6,1,10.956533333333335,8.613090909090909
20,0,1,17.073833333333333,10.956533333333335
21,1,0,7.260090909090909,17.073833333333333
22,2,0,6.438823529411765,7.260090909090909
23,3,0,8.359916666666667,6.438823529411765
24,4,0,12.148,8.359916666666667
25,5,0,5.358428571428571,12.148
26,6,1,7.1045,5.358428571428571
27,0,1,9.514733333333334,7.1045
28,1,0,7.2338571428571425,9.514733333333334
29,2,0,7.234083333333333,7.2338571428571425
30,3,0,6.03309090909091,7.234083333333333
31,4,0,8.038,6.03309090909091
1,5,0,9.982999999999999,8.038
2,6,1,5.936,9.982999999999999
3,0,1,10.005555555555556,5.936
4,1,0,8.895888888888889,10.005555555555556
5,2,0,10.950099999999999,8.895888888888889
6,3,0,11.45023076923077,10.950099999999999
7,4,0,16.949857142857145,11.45023076923077
8,5,0,10.449277777777777,16.949857142857145
9,6,1,9.688,10.449277777777777
10,0,1,12.819222222222221,9.688
11,1,0,6.032071428571428,12.819222222222221
12,2,0,8.599153846153847,6.032071428571428
13,3,0,6.728,8.599153846153847
14,4,0,8.004416666666668,6.728
15,5,0,5.7144615384615385,8.004416666666668
16,6,1,7.888733333333334,5.7144615384615385
17,0,1,6.916,7.888733333333334
18,1,0,9.769,6.916
19,2,0,9.132888888888889,9.769
20,3,0,8.559700000000001,9.132888888888889
21,4,0,7.9390833333333335,8.559700000000001
22,5,0,7.3204,7.9390833333333335
23,6,1,8.816214285714285,7.3204
24,0,1,8.919818181818181,8.816214285714285
25,1,0,5.5449,8.919818181818181
26,2,0,9.321428571428571,5.5449
27,3,0,9.873466666666667,9.321428571428571
28,4,0,11.255733333333334,9.873466666666667
29,5,0,9.253375,11.255733333333334
30,6,1,7.145866666666667,9.253375
31,0,1,8.281846153846153,7.145866666666667
1,1,0,10.15925,8.281846153846153
2,2,0,6.571761904761905,10.15925
3,3,0,12.601692307692307,6.571761904761905
4,4,0,6.574000000000001,12.601692307692307
5,5,0,11.666500000000001,6.574000000000001
6,6,1,7.474769230769231,11.666500000000001
7,0,1,10.935,7.474769230769231
8,1,0,11.429833333333335,10.935
9,2,0,9.035125,11.429833333333335
10,3,0,11.196545454545454,9.035125
11,4,0,10.936181818181819,11.196545454545454
12,5,0,8.809333333333335,10.936181818181819
13,6,1,12.823909090909092,8.809333333333335
14,0,1,12.0455,12.823909090909092
15,1,0,7.5209375,12.0455
16,2,0,8.227333333333332,7.5209375
17,3,0,10.509714285714285,8.227333333333332
18,4,0,7.633833333333333,10.509714285714285
19,5,0,6.631176470588236,7.633833333333333
20,6,1,10.736799999999999,6.631176470588236
21,0,1,7.76340909090909,10.736799999999999
22,1,0,6.736583333333333,7.76340909090909
23,2,0,10.829705882352942,6.736583333333333
24,3,0,10.349384615384615,10.829705882352942
25,4,0,8.980083333333333,10.349384615384615
26,5,0,6.830958333333334,8.980083333333333
27,6,1,8.3854,6.830958333333334
28,0,1,10.421999999999999,8.3854
1,1,0,8.532466666666666,10.421999999999999
2,2,0,11.6875,8.532466666666666
3,3,0,12.412882352941176,11.6875
4,4,0,8.417875,12.412882352941176
5,5,0,6.454466666666667,8.417875
6,6,1,9.140631578947369,6.454466666666667
7,0,1,8.335875,9.140631578947369
8,1,0,8.453333333333333,8.335875
9,2,0,6.6611666666666665,8.453333333333333
10,3,0,12.465499999999999,6.6611666666666665
11,4,0,10.682615384615385,12.465499999999999
12,5,0,5.198222222222222,10.682615384615385
13,6,1,6.42225,5.198222222222222
14,0,1,5.1213750000000005,6.42225
15,1,0,3.8205,5.1213750000000005
16,2,0,13.925555555555556,3.8205
17,3,0,9.0689,13.925555555555556
18,4,0,9.901894736842104,9.0689
19,5,0,8.767105263157895,9.901894736842104
20,6,1,8.885521739130436,8.767105263157895
21,0,1,6.566133333333334,8.885521739130436
22,1,0,6.488666666666667,6.566133333333334
23,2,0,12.268285714285714,6.488666666666667
24,3,0,6.4562,12.268285714285714
25,4,0,10.585333333333333,6.4562
26,5,0,6.257272727272727,10.585333333333333
27,6,1,12.655750000000001,6.257272727272727
28,0,1,9.24568,12.655750000000001
29,1,0,9.173875,9.24568
30,2,0,15.283,9.173875
31,3,0,10.539421052631578,15.283
1,4,0,8.885807692307692,10.539421052631578
2,5,0,7.4875,8.885807692307692
3,6,1,7.184384615384616,7.4875
4,0,1,10.7956,7.184384615384616
5,1,0,10.381380952380951,10.7956
6,2,0,8.351368421052632,10.381380952380951
7,3,0,11.16674193548387,8.351368421052632
8,4,0,7.227333333333334,11.16674193548387
9,5,0,7.391761904761905,7.227333333333334
10,6,1,8.524064516129032,7.391761904761905
11,0,1,11.4777,8.524064516129032
12,1,0,3.8276250000000003,11.4777
13,2,0,8.3683125,3.8276250000000003
14,3,0,5.3236,8.3683125
15,4,0,9.814181818181819,5.3236
16,5,0,9.374214285714286,9.814181818181819
17,6,1,12.924785714285715,9.374214285714286
18,0,1,8.200458333333334,12.924785714285715
19,1,0,13.001285714285714,8.200458333333334
20,2,0,10.552999999999999,13.001285714285714
21,3,0,9.500941176470588,10.552999999999999
22,4,0,7.912318181818182,9.500941176470588
23,5,0,9.527909090909091,7.912318181818182
24,6,1,7.528032258064516,9.527909090909091
25,0,1,8.480884615384614,7.528032258064516
26,1,0,4.196733333333333,8.480884615384614
27,2,0,6.342230769230769,4.196733333333333
28,3,0,8.881823529411763,6.342230769230769
29,4,0,7.424714285714285,8.881823529411763
30,5,0,7.504208333333334,7.424714285714285
1,6,1,7.942208333333333,7.504208333333334
2,0,1,7.268384615384615,7.942208333333333
3,1,0,7.178399999999999,7.268384615384615
4,2,0,8.707037037037038,7.178399999999999
5,3,0,7.40596,8.707037037037038
6,4,0,10.742750000000001,7.40596
7,5,0,8.564076923076923,10.742750000000001
8,6,1,7.994677419354839,8.564076923076923
9,0,1,7.8330714285714285,7.994677419354839
10,1,0,5.854500000000001,7.8330714285714285
11,2,0,7.921523809523809,5.854500000000001
12,3,0,5.945225806451613,7.921523809523809
13,4,0,7.164909090909092,5.945225806451613
14,5,0,10.521999999999998,7.164909090909092
15,6,1,8.572285714285714,10.521999999999998
16,0,1,10.046941176470588,8.572285714285714
17,1,0,6.385833333333333,10.046941176470588
18,2,0,7.908047619047618,6.385833333333333
19,3,0,9.830538461538461,7.908047619047618
20,4,0,9.990730769230769,9.830538461538461
21,5,0,10.26690909090909,9.990730769230769
22,6,1,7.301071428571428,10.26690909090909
23,0,1,6.839068965517241,7.301071428571428
24,1,0,8.827333333333334,6.839068965517241
25,2,0,8.092,8.827333333333334
26,3,0,10.871479999999998,8.092
27,4,0,10.55788888888889,10.871479999999998
28,5,0,10.69753846153846,10.55788888888889
29,6,1,8.60272,10.69753846153846
30,0,1,7.2195,8.60272
31,1,0,7.8130869565217385,7.2195
1,2,0,8.4839,7.8130869565217385
2,3,0,7.162387096774193,8.4839
3,4,0,8.562464285714286,7.162387096774193
4,5,0,8.943034482758621,8.562464285714286
5,6,1,9.4128,8.943034482758621
6,0,1,8.771916666666666,9.4128
7,1,0,9.7324,8.771916666666666
8,2,0,8.001,9.7324
9,3,0,6.118970588235293,8.001
10,4,0,8.40769696969697,6.118970588235293
11,5,0,10.105771428571428,8.40769696969697
12,6,1,9.795931818181819,10.105771428571428
13,0,1,7.426785714285715,9.795931818181819
14,1,0,7.68709375,7.426785714285715
15,2,0,10.935555555555556,7.68709375
16,3,0,7.844605263157894,10.935555555555556
17,4,0,6.727028571428572,7.844605263157894
18,5,0,7.877644444444444,6.727028571428572
19,6,1,8.2125,7.877644444444444
20,0,1,7.262048780487806,8.2125
21,1,0,9.713384615384616,7.262048780487806
22,2,0,8.615911764705883,9.713384615384616
23,3,0,8.58690909090909,8.615911764705883
24,4,0,9.725709677419355,8.58690909090909
25,5,0,8.984153846153847,9.725709677419355
26,6,1,6.960676470588235,8.984153846153847
27,0,1,9.4215,6.960676470588235
28,1,0,7.388846153846154,9.4215
29,2,0,8.012897435897436,7.388846153846154
30,3,0,8.494342857142858,8.012897435897436
1,4,0,7.957851851851852,8.494342857142858
2,5,0,8.95525,7.957851851851852
3,6,1,10.785631578947369,8.95525
4,0,1,8.18376,10.785631578947369
5,1,0,7.219432432432433,8.18376
6,2,0,8.426777777777778,7.219432432432433
7,3,0,10.193692307692308,8.426777777777778
8,4,0,9.135558823529411,10.193692307692308
9,5,0,9.133199999999999,9.135558823529411
10,6,1,7.520555555555556,9.133199999999999
11,0,1,8.394307692307692,7.520555555555556
12,1,0,8.350115384615385,8.394307692307692
13,2,0,8.830464285714285,8.350115384615385
14,3,0,8.600075,8.830464285714285
15,4,0,10.257675675675676,8.600075
16,5,0,10.201186046511628,10.257675675675676
17,6,1,8.896037735849056,10.201186046511628
18,0,1,9.666309090909092,8.896037735849056
19,1,0,11.7035625,9.666309090909092
20,2,0,10.97385,11.7035625
21,3,0,8.831431818181818,10.97385
22,4,0,7.984159090909091,8.831431818181818
23,5,0,8.482608695652173,7.984159090909091
24,6,1,8.548169491525423,8.482608695652173
25,0,1,10.067710526315789,8.548169491525423
26,1,0,10.718833333333333,10.067710526315789
27,2,0,8.714641025641026,10.718833333333333
28,3,0,7.950161290322581,8.714641025641026
29,4,0,7.985725,7.950161290322581
30,5,0,10.1384375,7.985725
31,6,1,8.54084375,10.1384375
1,0,1,7.7876,8.54084375
2,1,0,7.28260606060606,7.7876
3,2,0,7.98715,7.28260606060606
4,3,0,7.313236842105264,7.98715
5,4,0,9.042,7.313236842105264
6,5,0,10.72108510638298,9.042
7,6,1,8.072454545454546,10.72108510638298
8,0,1,7.3768,8.072454545454546
9,1,0,6.784083333333333,7.3768
10,2,0,8.348483870967742,6.784083333333333
11,3,0,8.092454545454546,8.348483870967742
12,4,0,9.727869565217391,8.092454545454546
13,5,0,7.837266666666666,9.727869565217391
14,6,1,8.509414634146342,7.837266666666666
15,0,1,7.814205128205129,8.509414634146342
16,1,0,7.84453125,7.814205128205129
17,2,0,8.4036875,7.84453125
18,3,0,7.313369565217392,8.4036875
19,4,0,10.202916666666667,7.313369565217392
20,5,0,8.540625,10.202916666666667
21,6,1,7.458175438596491,8.540625
22,0,1,8.422485714285713,7.458175438596491
23,1,0,10.5355,8.422485714285713
24,2,0,7.987851063829787,10.5355
25,3,0,11.806571428571429,7.987851063829787
26,4,0,8.11216129032258,11.806571428571429
27,5,0,8.833421052631579,8.11216129032258
28,6,1,8.576979591836734,8.833421052631579
29,0,1,10.150157894736843,8.576979591836734
30,1,0,6.514620689655173,10.150157894736843
31,2,0,10.693766666666667,6.514620689655173
1,3,0,10.631161290322583,10.693766666666667
2,4,0,8.977318181818182,10.631161290322583
3,5,0,9.04777142857143,8.977318181818182
4,6,1,8.386933333333333,9.04777142857143
5,0,1,7.42378125,8.386933333333333
6,1,0,7.648162162162163,7.42378125
7,2,0,7.866861111111111,7.648162162162163
8,3,0,8.378846153846153,7.866861111111111
9,4,0,8.579571428571429,8.378846153846153
10,5,0,9.967488888888889,8.579571428571429
11,6,1,7.446355555555556,9.967488888888889
12,0,1,9.064527777777776,7.446355555555556
13,1,0,8.180470588235295,9.064527777777776
14,2,0,10.84611111111111,8.180470588235295
15,3,0,7.2042,10.84611111111111
16,4,0,8.96209375,7.2042
17,5,0,8.443714285714286,8.96209375
18,6,1,8.8517,8.443714285714286
19,0,1,7.0697777777777775,8.8517
20,1,0,11.7455,7.0697777777777775
21,2,0,12.26560606060606,11.7455
22,3,0,8.6298,12.26560606060606
23,4,0,7.604625,8.6298
24,5,0,10.151378378378379,7.604625
25,6,1,6.794790697674419,10.151378378378379
26,0,1,11.068035714285715,6.794790697674419
27,1,0,6.989151515151515,11.068035714285715
28,2,0,7.27990625,6.989151515151515
29,3,0,8.330400000000001,7.27990625
30,4,0,6.6714,8.330400000000001
1,5,0,9.594675675675676,6.6714
2,6,1,7.7687608695652175,9.594675675675676
3,0,1,8.698290322580645,7.7687608695652175
4,1,0,8.037689655172413,8.698290322580645
5,2,0,8.453416666666666,8.037689655172413
6,3,0,9.628621621621622,8.453416666666666
7,4,0,10.385387096774194,9.628621621621622
8,5,0,7.320720930232558,10.385387096774194
9,6,1,9.014290322580644,7.320720930232558
10,0,1,8.843032258064516,9.014290322580644
11,1,0,9.939,8.843032258064516
12,2,0,10.249566666666668,9.939
13,3,0,10.430375,10.249566666666668
14,4,0,9.706,10.430375
15,5,0,9.0074375,9.706
16,6,1,9.794979591836736,9.0074375
17,0,1,9.598529411764707,9.794979591836736
18,1,0,10.20952380952381,9.598529411764707
19,2,0,8.221235294117648,10.20952380952381
20,3,0,9.833027777777778,8.221235294117648
21,4,0,10.602394736842104,9.833027777777778
22,5,0,8.705384615384615,10.602394736842104
23,6,1,8.45263888888889,8.705384615384615
24,0,1,7.469333333333334,8.45263888888889
25,1,0,8.585257142857142,7.469333333333334
26,2,0,10.6539,8.585257142857142
27,3,0,8.325454545454546,10.6539
28,4,0,9.01042105263158,8.325454545454546
29,5,0,8.842694444444444,9.01042105263158
30,6,1,6.970487179487179,8.842694444444444
31,0,1,8.250714285714286,6.970487179487179
1,1,0,8.133222222222223,8.250714285714286
2,2,0,10.128258064516128,8.133222222222223
3,3,0,8.494,10.128258064516128
4,4,0,8.620372093023256,8.494
5,5,0,9.946282051282052,8.620372093023256
6,6,1,8.520999999999999,9.946282051282052
7,0,1,10.490805555555555,8.520999999999999
8,1,0,8.272,10.490805555555555
9,2,0,10.091333333333333,8.272
10,3,0,9.576647058823529,10.091333333333333
11,4,0,8.991433333333333,9.576647058823529
12,5,0,11.697939393939393,8.991433333333333
13,6,1,9.337529411764706,11.697939393939393
14,0,1,10.016448275862068,9.337529411764706
15,1,0,10.875703703703705,10.016448275862068
16,2,0,10.730566666666668,10.875703703703705
17,3,0,10.312833333333334,10.730566666666668
18,4,0,13.430515151515152,10.312833333333334
19,5,0,9.91211111111111,13.430515151515152
20,6,1,9.08085,9.91211111111111
21,0,1,10.559857142857144,9.08085
22,1,0,11.003275862068964,10.559857142857144
23,2,0,9.427970588235294,11.003275862068964
24,3,0,8.185964285714286,9.427970588235294
25,4,0,12.3851,8.185964285714286
26,5,0,10.84268,12.3851
27,6,1,6.799966666666666,10.84268
28,0,1,12.524045454545455,6.799966666666666
29,1,0,11.740565217391305,12.524045454545455
30,2,0,8.07,11.740565217391305
1,3,0,11.670416666666668,8.07
2,4,0,9.289707317073171,11.670416666666668
3,5,0,9.538542857142858,9.289707317073171
4,6,1,10.563044444444444,9.538542857142858
5,0,1,8.04772,10.563044444444444
6,1,0,9.971222222222222,8.04772
7,2,0,9.377032258064515,9.971222222222222
8,3,0,9.37796,9.377032258064515
9,4,0,9.212666666666665,9.37796
10,5,0,10.227945945945947,9.212666666666665
11,6,1,8.719139534883722,10.227945945945947
12,0,1,10.67062162162162,8.719139534883722
13,1,0,8.317294117647059,10.67062162162162
14,2,0,8.3205,8.317294117647059
15,3,0,10.407714285714285,8.3205
16,4,0,14.018314285714284,10.407714285714285
17,5,0,9.103081081081081,14.018314285714284
18,6,1,8.188488888888887,9.103081081081081
19,0,1,8.926896551724138,8.188488888888887
20,1,0,9.948290322580645,8.926896551724138
21,2,0,10.867818181818182,9.948290322580645
22,3,0,8.725536585365854,10.867818181818182
23,4,0,9.405291666666667,8.725536585365854
24,5,0,6.7676428571428575,9.405291666666667
25,6,1,15.985285714285713,6.7676428571428575
26,0,1,7.426695652173913,15.985285714285713
27,1,0,9.714576923076923,7.426695652173913
28,2,0,7.401625,9.714576923076923
29,3,0,10.854379310344827,7.401625
30,4,0,8.994222222222222,10.854379310344827
31,5,0,11.9966,8.994222222222222
1,6,1,10.161416666666666,11.9966
2,0,1,8.446774193548388,10.161416666666666
3,1,0,9.567739130434784,8.446774193548388
4,2,0,7.619115384615385,9.567739130434784
5,3,0,12.82409375,7.619115384615385
6,4,0,8.674882352941175,12.82409375
7,5,0,10.267566666666665,8.674882352941175
8,6,1,13.577148148148149,10.267566666666665
9,0,1,9.6462,13.577148148148149
10,1,0,10.97037037037037,9.6462
11,2,0,10.779545454545456,10.97037037037037
12,3,0,13.172444444444444,10.779545454545456
13,4,0,11.759542857142858,13.172444444444444
14,5,0,12.08296153846154,11.759542857142858
15,6,1,10.998243243243243,12.08296153846154
16,0,1,9.586571428571428,10.998243243243243
17,1,0,8.66823076923077,9.586571428571428
18,2,0,12.48778125,8.66823076923077
19,3,0,11.239125,12.48778125
20,4,0,16.17275,11.239125
21,5,0,13.676764705882352,16.17275
22,6,1,12.484472222222221,13.676764705882352
23,0,1,9.864758620689654,12.484472222222221
24,1,0,11.6776,9.864758620689654
25,2,0,15.447157894736842,11.6776
26,3,0,9.009,15.447157894736842
27,4,0,14.768382352941176,9.009
28,5,0,10.348424242424242,14.768382352941176
29,6,1,10.744860465116279,10.348424242424242
30,0,1,10.510266666666666,10.744860465116279
31,1,0,11.623444444444445,10.510266666666666
1,2,0,11.280655172413793,11.623444444444445
2,3,0,17.124,11.280655172413793
3,4,0,13.75184375,17.124
4,5,0,12.3095625,13.75184375
5,6,1,8.516489361702128,12.3095625
6,0,1,9.644676470588236,8.516489361702128
7,1,0,10.352172413793104,9.644676470588236
8,2,0,10.371459459459459,10.352172413793104
9,3,0,10.057962962962963,10.371459459459459
10,4,0,9.543029411764707,10.057962962962963
11,5,0,13.134545454545455,9.543029411764707
12,6,1,12.188820512820513,13.134545454545455
13,0,1,8.278586206896552,12.188820512820513
14,1,0,9.077966666666667,8.278586206896552
15,2,0,10.918536585365855,9.077966666666667
16,3,0,10.010035714285715,10.918536585365855
17,4,0,13.89316,10.010035714285715
18,5,0,10.041689655172414,13.89316
19,6,1,7.892024390243902,10.041689655172414
20,0,1,7.592414634146341,7.892024390243902
21,1,0,8.26515,7.592414634146341
22,2,0,8.750538461538461,8.26515
23,3,0,10.316529411764705,8.750538461538461
24,4,0,11.9091875,10.316529411764705
25,5,0,11.20139393939394,11.9091875
26,6,1,9.373261904761906,11.20139393939394
27,0,1,10.077777777777778,9.373261904761906
28,1,0,11.056064516129032,10.077777777777778
1,2,0,12.476473684210527,11.056064516129032
2,3,0,7.251515151515152,12.476473684210527
3,4,0,12.560564102564102,7.251515151515152
4,5,0,9.149688888888889,12.560564102564102
5,6,1,10.067032258064515,9.149688888888889
6,0,1,11.43478947368421,10.067032258064515
7,1,0,11.104714285714286,11.43478947368421
8,2,0,9.819410256410256,11.104714285714286
9,3,0,11.885222222222223,9.819410256410256
10,4,0,11.97967441860465,11.885222222222223
11,5,0,11.600111111111111,11.97967441860465
12,6,1,9.01433870967742,11.600111111111111
13,0,1,9.637243243243244,9.01433870967742
14,1,0,11.621342857142858,9.637243243243244
15,2,0,8.31318918918919,11.621342857142858
16,3,0,9.921566666666667,8.31318918918919
17,4,0,7.2754594594594595,9.921566666666667
18,5,0,10.723867924528301,7.2754594594594595
19,6,1,10.006637931034483,10.723867924528301
20,0,1,8.848093023255814,10.006637931034483
21,1,0,15.200000000000001,8.848093023255814
22,2,0,8.570638888888888,15.200000000000001
23,3,0,9.70577142857143,8.570638888888888
24,4,0,11.658238095238096,9.70577142857143
25,5,0,11.289035714285715,11.658238095238096
26,6,1,9.610280701754386,11.289035714285715
27,0,1,7.727538461538463,9.610280701754386
28,1,0,9.041294117647059,7.727538461538463
29,2,0,10.3575,9.041294117647059
30,3,0,9.12623076923077,10.3575
31,4,0,7.371642857142858,9.12623076923077
1,5,0,8.158836734693878,7.371642857142858
2,6,1,8.689983870967742,8.158836734693878
3,0,1,7.528676470588235,8.689983870967742
4,1,0,10.515209302325582,7.528676470588235
5,2,0,7.212805555555556,10.515209302325582
6,3,0,11.53820588235294,7.212805555555556
7,4,0,10.442318181818182,11.53820588235294
8,5,0,10.536071428571429,10.442318181818182
9,6,1,8.802530303030302,10.536071428571429
10,0,1,9.39172222222222,8.802530303030302
11,1,0,10.174641509433961,9.39172222222222
12,2,0,8.555674418604651,10.174641509433961
13,3,0,11.854625,8.555674418604651
14,4,0,11.547588235294118,11.854625
15,5,0,11.739545454545453,11.547588235294118
16,6,1,8.278541666666667,11.739545454545453
17,0,1,10.630212121212121,8.278541666666667
18,1,0,11.630139999999999,10.630212121212121
19,2,0,9.596152173913044,11.630139999999999
20,3,0,9.30291891891892,9.596152173913044
21,4,0,11.733133333333333,9.30291891891892
22,5,0,8.417658536585366,11.733133333333333
23,6,1,7.67596,8.417658536585366
24,0,1,8.060945945945946,7.67596
25,1,0,11.298684210526316,8.060945945945946
26,2,0,9.856865384615386,11.298684210526316
27,3,0,11.132146341463415,9.856865384615386
28,4,0,7.941142857142857,11.132146341463415
29,5,0,9.220022727272728,7.941142857142857
30,6,1,7.422469696969697,9.220022727272728
1,0,1,9.246444444444444,7.422469696969697
2,1,0,12.790392857142859,9.246444444444444
3,2,0,8.733509090909092,12.790392857142859
4,3,0,8.809589743589743,8.733509090909092
5,4,0,7.1772857142857145,8.809589743589743
6,5,0,9.834854838709678,7.1772857142857145
7,6,1,10.152325000000001,9.834854838709678
8,0,1,9.427411764705882,10.152325000000001
9,1,0,12.38257894736842,9.427411764705882
10,2,0,10.006418604651163,12.38257894736842
11,3,0,10.015,10.006418604651163
12,4,0,8.56532608695652,10.015
13,5,0,13.40679245283019,8.56532608695652
14,6,1,7.012267857142858,13.40679245283019
15,0,1,8.977243902439024,7.012267857142858
16,1,0,10.70453125,8.977243902439024
17,2,0,9.127382978723405,10.70453125
18,3,0,7.842999999999999,9.127382978723405
19,4,0,10.466605263157895,7.842999999999999
20,5,0,11.756315789473684,10.466605263157895
21,6,1,10.716583333333332,11.756315789473684
22,0,1,12.64706976744186,10.716583333333332
23,1,0,11.71896875,12.64706976744186
24,2,0,10.073454545454545,11.71896875
25,3,0,11.300914893617023,10.073454545454545
26,4,0,8.606333333333334,11.300914893617023
27,5,0,9.4275,8.606333333333334
28,6,1,7.855478260869566,9.4275
29,0,1,10.234830188679245,7.855478260869566
30,1,0,9.23406,10.234830188679245
31,2,0,11.480195121951219,9.23406
1,3,0,10.271145833333334,11.480195121951219
2,4,0,12.7828,10.271145833333334
3,5,0,7.688632653061225,12.7828
4,6,1,10.594814814814814,7.688632653061225
5,0,1,9.86921568627451,10.594814814814814
6,1,0,8.893951219512195,9.86921568627451
7,2,0,8.401865384615384,8.893951219512195
8,3,0,8.403619047619047,8.401865384615384
9,4,0,8.635490909090908,8.403619047619047
10,5,0,9.055966666666668,8.635490909090908
11,6,1,8.337211538461538,9.055966666666668
12,0,1,7.309040540540541,8.337211538461538
13,1,0,11.594851063829786,7.309040540540541
14,2,0,13.092245283018869,11.594851063829786
15,3,0,11.516698412698412,13.092245283018869
16,4,0,9.3218,11.516698412698412
17,5,0,7.720814814814815,9.3218
18,6,1,10.7285873015873,7.720814814814815
19,0,1,9.436254901960785,10.7285873015873
20,1,0,8.40809756097561,9.436254901960785
21,2,0,8.830183673469387,8.40809756097561
22,3,0,11.601203703703705,8.830183673469387
23,4,0,9.090065217391304,11.601203703703705
24,5,0,8.162954545454546,9.090065217391304
25,6,1,10.66608064516129,8.162954545454546
26,0,1,9.838536585365853,10.66608064516129
27,1,0,10.487727272727271,9.838536585365853
28,2,0,10.642,10.487727272727271
29,3,0,9.494870967741935,10.642
30,4,0,10.040588235294118,9.494870967741935
1,5,0,8.828830508474576,10.040588235294118
2,6,1,8.573389830508475,8.828830508474576
3,0,1,8.626254545454545,8.573389830508475
4,1,0,8.630756756756757,8.626254545454545
5,2,0,9.787916666666668,8.630756756756757
6,3,0,9.445938775510204,9.787916666666668
7,4,0,10.30356,9.445938775510204
8,5,0,8.885839285714287,10.30356
9,6,1,8.298169230769231,8.885839285714287
10,0,1,10.221377777777777,8.298169230769231
11,1,0,9.293081632653061,10.221377777777777
12,2,0,10.083120689655173,9.293081632653061
13,3,0,7.716380952380953,10.083120689655173
14,4,0,8.9949,7.716380952380953
15,5,0,8.896528301886793,8.9949
16,6,1,9.382929577464788,8.896528301886793
17,0,1,9.729459016393443,9.382929577464788
18,1,0,7.72519512195122,9.729459016393443
19,2,0,8.429266666666667,7.72519512195122
20,3,0,9.318590163934426,8.429266666666667
21,4,0,9.51987037037037,9.318590163934426
22,5,0,10.115095238095238,9.51987037037037
23,6,1,8.493260273972604,10.115095238095238
24,0,1,9.608638297872341,8.493260273972604
25,1,0,11.044807017543858,9.608638297872341
26,2,0,9.23494,11.044807017543858
27,3,0,7.184699999999999,9.23494
28,4,0,9.728348837209303,7.184699999999999
29,5,0,6.953964285714286,9.728348837209303
30,6,1,10.329380952380951,6.953964285714286
31,0,1,9.344111111111111,10.329380952380951
1,1,0,11.553764705882353,9.344111111111111
2,2,0,9.162483333333334,11.553764705882353
3,3,0,9.033757142857143,9.162483333333334
4,4,0,7.951415094339623,9.033757142857143
5,5,0,8.458349206349206,7.951415094339623
6,6,1,7.975987179487179,8.458349206349206
7,0,1,8.455132075471699,7.975987179487179
8,1,0,9.877,8.455132075471699
9,2,0,10.884500000000001,9.877
10,3,0,10.9296875,10.884500000000001
11,4,0,10.077484848484849,10.9296875
12,5,0,9.230478873239438,10.077484848484849
13,6,1,10.363970149253731,9.230478873239438
14,0,1,12.11076923076923,10.363970149253731
15,1,0,11.98176595744681,12.11076923076923
16,2,0,10.166627450980393,11.98176595744681
17,3,0,9.957735294117647,10.166627450980393
18,4,0,9.48865,9.957735294117647
19,5,0,8.902197183098592,9.48865
20,6,1,8.99826388888889,8.902197183098592
21,0,1,8.43421052631579,8.99826388888889
22,1,0,8.634267857142857,8.43421052631579
23,2,0,9.593028571428572,8.634267857142857
24,3,0,9.321981481481481,9.593028571428572
25,4,0,10.149642857142856,9.321981481481481
26,5,0,9.325166666666668,10.149642857142856
27,6,1,9.431140625,9.325166666666668
28,0,1,9.288824561403509,9.431140625
29,1,0,11.444962264150943,9.288824561403509
30,2,0,10.466869565217392,11.444962264150943
31,3,0,8.230779411764706,10.466869565217392
1,4,0,9.423727272727273,8.230779411764706
2,5,0,9.573426470588236,9.423727272727273
3,6,1,10.050311475409835,9.573426470588236
4,0,1,11.46270588235294,10.050311475409835
5,1,0,9.206836734693878,11.46270588235294
6,2,0,8.696820512820512,9.206836734693878
7,3,0,10.278125000000001,8.696820512820512
8,4,0,10.551509090909091,10.278125000000001
9,5,0,8.532810344827586,10.551509090909091
10,6,1,10.546380952380952,8.532810344827586
11,0,1,10.971897959183675,10.546380952380952
12,1,0,9.800266666666667,10.971897959183675
13,2,0,11.39330909090909,9.800266666666667
14,3,0,9.796773584905662,11.39330909090909
15,4,0,10.942555555555556,9.796773584905662
16,5,0,9.382754385964912,10.942555555555556
17,6,1,9.264763157894736,9.382754385964912
18,0,1,10.46308,9.264763157894736
19,1,0,10.018113636363637,10.46308
20,2,0,9.903428571428572,10.018113636363637
21,3,0,8.942124999999999,9.903428571428572
22,4,0,8.603730158730158,8.942124999999999
23,5,0,9.176184615384615,8.603730158730158
24,6,1,10.083885714285714,9.176184615384615
25,0,1,10.572923076923077,10.083885714285714
26,1,0,10.117717391304348,10.572923076923077
27,2,0,10.39698275862069,10.117717391304348
28,3,0,8.276188679245283,10.39698275862069
29,4,0,8.150943396226415,8.276188679245283
30,5,0,8.8806875,8.150943396226415
1,6,1,9.083865384615384,8.8806875
2,0,1,10.47040425531915,9.083865384615384
3,1,0,10.85138596491228,10.47040425531915
4,2,0,10.334781818181819,10.85138596491228
5,3,0,10.452836065573772,10.334781818181819
6,4,0,10.37498181818182,10.452836065573772
7,5,0,12.638333333333334,10.37498181818182
8,6,1,9.975,12.638333333333334
9,0,1,10.830557692307691,9.975
10,1,0,11.926925925925925,10.830557692307691
11,2,0,11.0097,11.926925925925925
12,3,0,10.86203125,11.0097
13,4,0,10.801931034482758,10.86203125
14,5,0,10.224727272727273,10.801931034482758
15,6,1,10.321657142857143,10.224727272727273
16,0,1,8.866867924528302,10.321657142857143
17,1,0,11.695920000000001,8.866867924528302
18,2,0,10.524249999999999,11.695920000000001
19,3,0,10.00442,10.524249999999999
20,4,0,7.929854545454545,10.00442
21,5,0,10.290037735849056,7.929854545454545
22,6,1,8.126878787878788,10.290037735849056
23,0,1,7.85342,8.126878787878788
24,1,0,13.403,7.85342
25,2,0,10.607396551724138,13.403
26,3,0,10.30182142857143,10.607396551724138
27,4,0,12.956471698113207,10.30182142857143
28,5,0,10.292125,12.956471698113207
29,6,1,9.0745,10.292125
30,0,1,9.084762711864407,9.0745
31,1,0,12.731844444444445,9.084762711864407
1,2,0,10.76570731707317,12.731844444444445
2,3,0,9.15106976744186,10.76570731707317
3,4,0,9.898760869565217,9.15106976744186
4,5,0,10.810454545454546,9.898760869565217
5,6,1,11.966101694915254,10.810454545454546
6,0,1,9.17288,11.966101694915254
7,1,0,10.607489795918369,9.17288
8,2,0,10.907509433962263,10.607489795918369
9,3,0,9.28176,10.907509433962263
10,4,0,10.281787234042554,9.28176
11,5,0,11.011823529411764,10.281787234042554
12,6,1,8.909140625,11.011823529411764
13,0,1,10.594339285714286,8.909140625
14,1,0,10.712686274509803,10.594339285714286
15,2,0,13.43281081081081,10.712686274509803
16,3,0,13.010444444444444,13.43281081081081
17,4,0,13.721787878787879,13.010444444444444
18,5,0,9.285475,13.721787878787879
19,6,1,8.212762711864407,9.285475
20,0,1,10.779045454545455,8.212762711864407
21,1,0,10.509619047619047,10.779045454545455
22,2,0,9.709173913043479,10.509619047619047
23,3,0,9.163170731707318,9.709173913043479
24,4,0,12.839357142857143,9.163170731707318
25,5,0,9.108441176470588,12.839357142857143
26,6,1,12.103478260869565,9.108441176470588
27,0,1,11.75425,12.103478260869565
28,1,0,10.8115,11.75425
29,2,0,13.32551724137931,10.8115
30,3,0,11.417303571428572,13.32551724137931
1,4,0,11.594033333333332,11.417303571428572
2,5,0,10.209666666666667,11.594033333333332
3,6,1,11.45347619047619,10.209666666666667
4,0,1,8.83288888888889,11.45347619047619
5,1,0,9.007913043478261,8.83288888888889
6,2,0,9.940999999999999,9.007913043478261
7,3,0,11.028134615384614,9.940999999999999
8,4,0,10.75362745098039,11.028134615384614
9,5,0,10.709928571428572,10.75362745098039
10,6,1,9.48343137254902,10.709928571428572
11,0,1,10.85012244897959,9.48343137254902
12,1,0,9.454341463414634,10.85012244897959
13,2,0,12.417636363636364,9.454341463414634
14,3,0,13.029849056603773,12.417636363636364
15,4,0,11.949821428571427,13.029849056603773
16,5,0,8.246236363636363,11.949821428571427
17,6,1,10.652660000000001,8.246236363636363
18,0,1,9.615355555555555,10.652660000000001
19,1,0,9.041875,9.615355555555555
20,2,0,10.571074074074074,9.041875
21,3,0,10.764672727272728,10.571074074074074
22,4,0,17.891190476190477,10.764672727272728
23,5,0,11.412548387096773,17.891190476190477
24,6,1,10.04015625,11.412548387096773
25,0,1,11.15922222222222,10.04015625
26,1,0,8.412634146341464,11.15922222222222
27,2,0,8.48879069767442,8.412634146341464
28,3,0,8.942973684210525,8.48879069767442
29,4,0,14.274035714285715,8.942973684210525
30,5,0,11.860382978723404,14.274035714285715
31,6,1,9.385228571428572,11.860382978723404
1,0,1,11.719382352941176,9.385228571428572
2,1,0,11.3509,11.719382352941176
3,2,0,11.512183673469387,11.3509
4,3,0,9.966633333333334,11.512183673469387
5,4,0,13.266035714285715,9.966633333333334
6,5,0,12.376759999999999,13.266035714285715
7,6,1,12.037431818181819,12.376759999999999
8,0,1,11.154357142857142,12.037431818181819
9,1,0,12.60990909090909,11.154357142857142
10,2,0,9.64072,12.60990909090909
11,3,0,12.383659574468085,9.64072
12,4,0,13.576952380952381,12.383659574468085
13,5,0,11.398220000000002,13.576952380952381
14,6,1,8.912896551724138,11.398220000000002
15,0,1,9.930384615384614,8.912896551724138
16,1,0,8.78726,9.930384615384614
17,2,0,12.940490909090908,8.78726
18,3,0,8.261055555555556,12.940490909090908
19,4,0,10.89913043478261,8.261055555555556
20,5,0,10.46201724137931,10.89913043478261
21,6,1,9.8295,10.46201724137931
22,0,1,7.562589743589743,9.8295
23,1,0,13.404553191489361,7.562589743589743
24,2,0,9.264531914893617,13.404553191489361
25,3,0,14.671375,9.264531914893617
26,4,0,8.962738095238095,14.671375
27,5,0,10.316393939393938,8.962738095238095
28,6,1,9.077021739130435,10.316393939393938
29,0,1,9.934,9.077021739130435
30,1,0,9.869777777777777,9.934
31,2,0,10.60394,9.869777777777777
1,3,0,11.017137931034483,10.60394
2,4,0,12.149981481481483,11.017137931034483
3,5,0,10.419173076923077,12.149981481481483
4,6,1,10.6515,10.419173076923077
5,0,1,9.505944444444445,10.6515
6,1,0,11.31359649122807,9.505944444444445
7,2,0,12.795,11.31359649122807
8,3,0,9.593507936507937,12.795
9,4,0,12.872642857142859,9.593507936507937
10,5,0,9.320307692307692,12.872642857142859
11,6,1,8.998576271186442,9.320307692307692
12,0,1,9.028227272727273,8.998576271186442
13,1,0,10.97521568627451,9.028227272727273
14,2,0,9.537288888888888,10.97521568627451
15,3,0,12.288333333333334,9.537288888888888
16,4,0,12.713153846153846,12.288333333333334
17,5,0,12.033194444444444,12.713153846153846
18,6,1,10.5015,12.033194444444444
19,0,1,7.639593220338983,10.5015
20,1,0,9.65546,7.639593220338983
21,2,0,11.543500000000002,9.65546
22,3,0,12.910551724137932,11.543500000000002
23,4,0,15.36523404255319,12.910551724137932
24,5,0,14.735057692307691,15.36523404255319
25,6,1,10.038716666666666,14.735057692307691
26,0,1,10.666568181818182,10.038716666666666
27,1,0,11.423365384615384,10.666568181818182
28,2,0,11.837862068965517,11.423365384615384
1,3,0,13.420142857142856,11.837862068965517
2,4,0,12.301808510638297,13.420142857142856
3,5,0,11.521807692307693,12.301808510638297
4,6,1,12.80715625,11.521807692307693
5,0,1,7.164491228070175,12.80715625
6,1,0,12.499093023255814,7.164491228070175
7,2,0,12.065259259259259,12.499093023255814
8,3,0,13.899583333333334,12.065259259259259
9,4,0,13.327877192982456,13.899583333333334
10,5,0,10.590270833333333,13.327877192982456
11,6,1,9.624884615384614,10.590270833333333
12,0,1,11.3648,9.624884615384614
13,1,0,11.796235294117645,11.3648
14,2,0,10.417833333333332,11.796235294117645
15,3,0,11.931212121212122,10.417833333333332
16,4,0,12.143877551020408,11.931212121212122
17,5,0,11.974706896551725,12.143877551020408
18,6,1,10.143354838709678,11.974706896551725
19,0,1,9.061,10.143354838709678
20,1,0,12.014983050847459,9.061
21,2,0,8.93249180327869,12.014983050847459
22,3,0,11.887076923076924,8.93249180327869
23,4,0,13.364274509803922,11.887076923076924
24,5,0,9.457983050847456,13.364274509803922
25,6,1,8.672644444444444,9.457983050847456
26,0,1,9.06136170212766,8.672644444444444
27,1,0,9.66288,9.06136170212766
28,2,0,11.68485,9.66288
29,3,0,9.850610169491526,11.68485
30,4,0,8.502951219512195,9.850610169491526
31,5,0,9.877659574468085,8.502951219512195
1,6,1,10.222017543859648,9.877659574468085
2,0,1,7.682655172413793,10.222017543859648
3,1,0,10.76488,7.682655172413793
4,2,0,14.492062500000001,10.76488
5,3,0,14.751393442622952,14.492062500000001
6,4,0,9.620578125,14.751393442622952
7,5,0,9.826234567901235,9.620578125
8,6,1,9.360491228070176,9.826234567901235
9,0,1,9.504891304347826,9.360491228070176
10,1,0,11.63661403508772,9.504891304347826
11,2,0,10.988830985915493,11.63661403508772
12,3,0,11.067078125,10.988830985915493
13,4,0,11.517951612903227,11.067078125
14,5,0,10.683134615384615,11.517951612903227
15,6,1,10.13568115942029,10.683134615384615
16,0,1,9.938384615384615,10.13568115942029
17,1,0,10.06489393939394,9.938384615384615
18,2,0,11.07635,10.06489393939394
19,3,0,11.2665306122449,11.07635
20,4,0,10.520944444444444,11.2665306122449
21,5,0,9.950015873015873,10.520944444444444
22,6,1,8.90426923076923,9.950015873015873
23,0,1,10.014853333333333,8.90426923076923
24,1,0,10.97425352112676,10.014853333333333
25,2,0,11.036306122448979,10.97425352112676
26,3,0,11.63531746031746,11.036306122448979
27,4,0,8.07231081081081,11.63531746031746
28,5,0,10.833250000000001,8.07231081081081
29,6,1,9.341470588235294,10.833250000000001
30,0,1,9.402018867924529,9.341470588235294
1,1,0,9.734491803278688,9.402018867924529
2,2,0,12.921241379310345,9.734491803278688
3,3,0,10.60676,12.921241379310345
4,4,0,9.88968253968254,10.60676
5,5,0,11.588177419354839,9.88968253968254
6,6,1,11.001984126984127,11.588177419354839
7,0,1,8.602189655172413,11.001984126984127
8,1,0,9.876639344262296,8.602189655172413
9,2,0,10.615390625,9.876639344262296
10,3,0,10.226109090909091,10.615390625
11,4,0,11.913701754385965,10.226109090909091
12,5,0,10.18157627118644,11.913701754385965
13,6,1,8.533253968253968,10.18157627118644
14,0,1,10.05684745762712,8.533253968253968
15,1,0,10.53104918032787,10.05684745762712
16,2,0,10.038310810810811,10.53104918032787
17,3,0,9.974260869565217,10.038310810810811
18,4,0,12.705333333333334,9.974260869565217
19,5,0,11.013267857142855,12.705333333333334
20,6,1,10.843395348837209,11.013267857142855
21,0,1,11.949351851851851,10.843395348837209
22,1,0,9.338596491228069,11.949351851851851
23,2,0,9.206821917808218,9.338596491228069
24,3,0,8.257477611940297,9.206821917808218
25,4,0,9.813693548387096,8.257477611940297
26,5,0,10.892652777777776,9.813693548387096
27,6,1,8.801833333333335,10.892652777777776
28,0,1,11.026222222222223,8.801833333333335
29,1,0,9.41830612244898,11.026222222222223
30,2,0,9.46055882352941,9.41830612244898
31,3,0,10.231847222222221,9.46055882352941
1,4,0,10.712410714285713,10.231847222222221
2,5,0,9.510095238095237,10.712410714285713
3,6,1,9.3935,9.510095238095237
4,0,1,8.03454761904762,9.3935
5,1,0,10.718359375,8.03454761904762
6,2,0,9.35376119402985,10.718359375
7,3,0,8.836478260869566,9.35376119402985
8,4,0,9.352194805194806,8.836478260869566
9,5,0,9.998848101265823,9.352194805194806
10,6,1,9.783986486486487,9.998848101265823
11,0,1,9.11875,9.783986486486487
12,1,0,7.7265,9.11875
13,2,0,7.9316744186046515,7.7265
14,3,0,9.16239534883721,7.9316744186046515
15,4,0,9.60726923076923,9.16239534883721
16,5,0,8.46048484848485,9.60726923076923
17,6,1,9.9728625,8.46048484848485
18,0,1,8.720257575757577,9.9728625
19,1,0,8.340227272727274,8.720257575757577
20,2,0,9.301368421052631,8.340227272727274
21,3,0,11.480645569620254,9.301368421052631
22,4,0,10.463000000000001,11.480645569620254
23,5,0,9.050028169014086,10.463000000000001
24,6,1,8.77438028169014,9.050028169014086
25,0,1,8.828676056338029,8.77438028169014
26,1,0,9.59656338028169,8.828676056338029
27,2,0,10.915024390243904,9.59656338028169
28,3,0,9.370051282051282,10.915024390243904
29,4,0,9.47342857142857,9.370051282051282
30,5,0,8.877088235294119,9.47342857142857
1,6,1,10.32435064935065,8.877088235294119
2,0,1,9.943183098591549,10.32435064935065
3,1,0,8.825666666666667,9.943183098591549
4,2,0,8.440738095238094,8.825666666666667
5,3,0,12.239943396226415,8.440738095238094
6,4,0,9.941175675675677,12.239943396226415
7,5,0,8.995513888888889,9.941175675675677
8,6,1,8.920866666666665,8.995513888888889
9,0,1,9.563698412698413,8.920866666666665
10,1,0,10.501276315789474,9.563698412698413
11,2,0,9.553881578947369,10.501276315789474
12,3,0,9.399934065934065,9.553881578947369
13,4,0,11.68477108433735,9.399934065934065
14,5,0,10.353756410256409,11.68477108433735
15,6,1,8.281671232876713,10.353756410256409
16,0,1,10.082588888888889,8.281671232876713
17,1,0,9.21631506849315,10.082588888888889
18,2,0,9.912860465116278,9.21631506849315
19,3,0,10.069026315789474,9.912860465116278
20,4,0,10.15136231884058,10.069026315789474
21,5,0,9.641852459016393,10.15136231884058
22,6,1,9.798166666666667,9.641852459016393
23,0,1,10.012293333333334,9.798166666666667
24,1,0,11.725736842105263,10.012293333333334
25,2,0,9.776250000000001,11.725736842105263
26,3,0,12.454584415584415,9.776250000000001
27,4,0,9.719646153846154,12.454584415584415
28,5,0,9.660569620253163,9.719646153846154
29,6,1,9.986185185185185,9.660569620253163
30,0,1,10.628873239436619,9.986185185185185
31,1,0,9.365173913043478,10.628873239436619
1,2,0,12.3652,9.365173913043478
2,3,0,11.363493975903614,12.3652
3,4,0,10.62454081632653,11.363493975903614
4,5,0,11.424302631578946,10.62454081632653
5,6,1,10.313383561643835,11.424302631578946
6,0,1,13.048800000000002,10.313383561643835
7,1,0,9.769705882352941,13.048800000000002
8,2,0,11.3153875,9.769705882352941
9,3,0,9.203666666666667,11.3153875
10,4,0,9.573416666666667,9.203666666666667
11,5,0,10.336628571428571,9.573416666666667
12,6,1,10.694269841269842,10.336628571428571
13,0,1,12.239578125,10.694269841269842
14,1,0,10.106323529411766,12.239578125
15,2,0,9.641966666666667,10.106323529411766
16,3,0,9.895135802469136,9.641966666666667
17,4,0,11.220117021276597,9.895135802469136
18,5,0,11.980309523809524,11.220117021276597
19,6,1,10.274757575757576,11.980309523809524
20,0,1,11.537381578947368,10.274757575757576
21,1,0,10.158585365853659,11.537381578947368
22,2,0,12.74425641025641,10.158585365853659
23,3,0,8.141842696629213,12.74425641025641
24,4,0,9.976571428571429,8.141842696629213
25,5,0,9.897644736842105,9.976571428571429
26,6,1,11.394287671232878,9.897644736842105
27,0,1,10.269823529411765,11.394287671232878
28,1,0,13.136205479452055,10.269823529411765
29,2,0,11.512212121212121,13.136205479452055
30,3,0,10.519773333333335,11.512212121212121
31,4,0,10.801341772151899,10.519773333333335
1,5,0,8.491904109589042,10.801341772151899
2,6,1,10.838392857142857,8.491904109589042
3,0,1,9.450585714285715,10.838392857142857
4,1,0,9.688558823529412,9.450585714285715
5,2,0,11.792428571428571,9.688558823529412
6,3,0,10.130524390243902,11.792428571428571
7,4,0,10.756653846153846,10.130524390243902
8,5,0,11.114464788732393,10.756653846153846
9,6,1,12.620217391304347,11.114464788732393
10,0,1,10.426967741935483,12.620217391304347
11,1,0,10.986850746268658,10.426967741935483
12,2,0,10.630179487179488,10.986850746268658
13,3,0,11.002651162790697,10.630179487179488
14,4,0,11.086236111111111,11.002651162790697
15,5,0,10.544978260869566,11.086236111111111
16,6,1,9.32969014084507,10.544978260869566
17,0,1,8.526111111111112,9.32969014084507
18,1,0,10.078548387096774,8.526111111111112
19,2,0,11.614792207792208,10.078548387096774
20,3,0,9.772024390243903,11.614792207792208
21,4,0,9.707173333333333,9.772024390243903
22,5,0,9.83604109589041,9.707173333333333
23,6,1,8.832305555555557,9.83604109589041
24,0,1,7.727078947368422,8.832305555555557
25,1,0,11.29987323943662,7.727078947368422
26,2,0,10.750691176470589,11.29987323943662
27,3,0,10.526185714285713,10.750691176470589
28,4,0,10.05425,10.526185714285713
29,5,0,11.653842857142857,10.05425
30,6,1,7.829892307692307,11.653842857142857
1,0,1,9.804444444444444,7.829892307692307
2,1,0,12.778260869565216,9.804444444444444
3,2,0,12.0738,12.778260869565216
4,3,0,11.234957142857143,12.0738
5,4,0,12.055791044776118,11.234957142857143
6,5,0,10.50172,12.055791044776118
7,6,1,9.646694444444444,10.50172
8,0,1,11.941913793103447,9.646694444444444
9,1,0,11.789953125,11.941913793103447
10,2,0,11.873454545454546,11.789953125
11,3,0,10.31571875,11.873454545454546
12,4,0,11.271485714285715,10.31571875
13,5,0,11.791493670886076,11.271485714285715
14,6,1,8.280555555555557,11.791493670886076
15,0,1,10.201734375000001,8.280555555555557
16,1,0,9.399716216216216,10.201734375000001
17,2,0,11.850528089887641,9.399716216216216
18,3,0,10.898346153846154,11.850528089887641
19,4,0,11.452385542168674,10.898346153846154
20,5,0,10.380226666666665,11.452385542168674
21,6,1,10.206074626865671,10.380226666666665
22,0,1,9.177901960784313,10.206074626865671
23,1,0,9.304575342465753,9.177901960784313
24,2,0,9.55925,9.304575342465753
25,3,0,9.550907894736843,9.55925
26,4,0,11.619617647058824,9.550907894736843
27,5,0,12.491536231884059,11.619617647058824
28,6,1,10.041722222222223,12.491536231884059
29,0,1,6.172441176470588,10.041722222222223
30,1,0,11.53091935483871,6.172441176470588
31,2,0,10.058450704225352,11.53091935483871
1,3,0,11.694423076923076,10.058450704225352
2,4,0,12.393,11.694423076923076
3,5,0,9.439439024390245,12.393
4,6,1,9.569287671232876,9.439439024390245
5,0,1,10.828196721311475,9.569287671232876
6,1,0,12.505879310344827,10.828196721311475
7,2,0,11.703071428571429,12.505879310344827
8,3,0,11.25810606060606,11.703071428571429
9,4,0,9.963102564102563,11.25810606060606
10,5,0,9.043169014084508,9.963102564102563
11,6,1,7.849356164383562,9.043169014084508
12,0,1,10.588671641791045,7.849356164383562
13,1,0,11.330105263157895,10.588671641791045
14,2,0,11.367133333333333,11.330105263157895
15,3,0,12.497825396825398,11.367133333333333
16,4,0,9.743808219178081,12.497825396825398
17,5,0,10.869848101265822,9.743808219178081
18,6,1,10.399650000000001,10.869848101265822
19,0,1,12.457151515151516,10.399650000000001
20,1,0,14.43675,12.457151515151516
21,2,0,11.794987500000001,14.43675
22,3,0,11.816507692307692,11.794987500000001
23,4,0,10.285333333333334,11.816507692307692
24,5,0,9.424607142857143,10.285333333333334
25,6,1,15.06265625,9.424607142857143
26,0,1,11.17009090909091,15.06265625
27,1,0,12.157439393939393,11.17009090909091
28,2,0,9.74561971830986,12.157439393939393
29,3,0,10.713363636363637,9.74561971830986
30,4,0,10.178306451612903,10.713363636363637
